timestamp,temperature,humidity,AQI
2024-11-04T12:36:29-05:00,30.2,79,396
2024-11-04T12:37:31-05:00,30.2,77,397
2024-11-04T12:38:33-05:00,30.2,78,413
2024-11-04T12:39:35-05:00,30.2,79,345
2024-11-04T12:40:37-05:00,30.2,78,366
2024-11-04T12:41:39-05:00,30.2,78,357
2024-11-04T12:42:40-05:00,30.2,78,354
2024-11-04T12:43:42-05:00,30.2,77,373
2024-11-04T12:44:44-05:00,30.2,77,348
2024-11-04T12:45:46-05:00,30.2,77,384
2024-11-04T12:46:48-05:00,30.2,78,423
2024-11-04T12:47:50-05:00,30.2,78,412
2024-11-04T12:48:52-05:00,30.2,79,411
2024-11-04T12:49:54-05:00,30.2,78,414
2024-11-04T12:50:56-05:00,30.2,79,415
2024-11-04T12:51:58-05:00,30.2,78,425
2024-11-04T12:53:00-05:00,30.2,78,420
2024-11-04T12:54:02-05:00,30.2,77,407
2024-11-04T12:55:03-05:00,30.2,78,409
2024-11-04T12:56:05-05:00,30.2,77,417
2024-11-04T12:57:07-05:00,30.2,79,419
2024-11-04T12:58:09-05:00,30.2,79,403
2024-11-04T12:59:11-05:00,30.2,79,402
2024-11-04T13:00:13-05:00,30.2,79,401
2024-11-04T13:01:15-05:00,30.2,79,408
2024-11-04T13:02:16-05:00,30.2,78,399
2024-11-04T13:03:45-05:00,30.2,79,355
2024-11-04T13:04:46-05:00,30.2,79,406
2024-11-04T13:05:48-05:00,30.2,78,400
2024-11-04T13:06:50-05:00,30.2,78,404
2024-11-04T13:07:52-05:00,30.2,78,405
2024-11-04T13:08:53-05:00,30.2,78,416
2024-11-04T13:09:56-05:00,30.2,78,372
2024-11-04T13:10:57-05:00,30.2,79,362
2024-11-04T13:11:59-05:00,30.2,78,364
2024-11-04T13:13:01-05:00,30.2,78,378
2024-11-04T13:14:03-05:00,30.2,78,351
2024-11-04T13:15:05-05:00,29.8,80,353
2024-11-04T13:16:07-05:00,29.8,80,360
2024-11-04T13:17:09-05:00,29.8,80,371
2024-11-04T13:18:10-05:00,29.8,80,352
2024-11-04T13:19:12-05:00,29.8,80,361
2024-11-04T13:20:14-05:00,29.8,80,356
2024-11-04T13:21:16-05:00,29.8,80,363
2024-11-04T13:22:18-05:00,29.8,80,359
2024-11-04T13:23:20-05:00,29.8,81,358
2024-11-04T13:24:21-05:00,29.8,80,374
2024-11-04T13:25:23-05:00,29.8,80,367
2024-11-04T13:26:25-05:00,29.8,80,350
2024-11-04T13:27:27-05:00,29.8,81,375
2024-11-04T13:28:29-05:00,29.8,81,365
2024-11-04T13:29:30-05:00,29.8,80,346
2024-11-04T13:30:32-05:00,29.8,80,385
2024-11-04T13:31:34-05:00,29.8,80,389
2024-11-04T13:32:36-05:00,29.8,81,391
2024-11-04T13:33:37-05:00,29.8,81,329
2024-11-04T13:34:39-05:00,29.8,80,332
2024-11-04T13:35:41-05:00,29.8,80,326
2024-11-04T13:36:43-05:00,29.8,80,340
2024-11-04T13:37:44-05:00,29.8,80,343
2024-11-04T13:38:46-05:00,29.8,80,349
2024-11-04T13:39:48-05:00,29.8,80,390
2024-11-04T13:40:49-05:00,29.8,80,394
2024-11-04T13:41:51-05:00,29.8,80,380
2024-11-04T13:42:53-05:00,29.8,80,395
2024-11-04T13:43:55-05:00,29.8,80,334
2024-11-04T13:44:57-05:00,29.8,80,335
2024-11-04T13:45:59-05:00,29.8,80,336
2024-11-04T13:47:00-05:00,29.8,80,347
2024-11-04T13:48:03-05:00,29.8,80,369
2024-11-04T13:49:05-05:00,29.8,80,376
2024-11-04T13:50:07-05:00,29.8,80,370
2024-11-04T13:51:08-05:00,29.8,80,368
2024-11-04T13:52:10-05:00,29.8,81,379
2024-11-04T13:53:12-05:00,29.8,81,388
2024-11-04T13:54:14-05:00,29.8,80,382
2024-11-04T13:55:16-05:00,29.8,81,430
2024-11-04T13:56:18-05:00,29.8,81,424
2024-11-04T13:57:20-05:00,29.8,81,418
2024-11-04T13:58:21-05:00,29.8,81,426
2024-11-04T13:59:23-05:00,29.8,81,427
2024-11-04T14:00:26-05:00,29.8,81,410
2024-11-04T14:01:29-05:00,29.8,81,330
2024-11-04T14:02:33-05:00,29.8,81,392
2024-11-04T14:04:01-05:00,29.8,81,422
2024-11-04T14:05:02-05:00,29.8,81,421
2024-11-04T14:06:05-05:00,29.8,82,383
2024-11-04T14:07:07-05:00,29.8,82,431
2024-11-04T14:08:08-05:00,29.8,82,446
2024-11-04T14:09:10-05:00,29.8,82,428
2024-11-04T14:10:12-05:00,29.8,82,387
2024-11-04T14:11:14-05:00,29.8,82,377
2024-11-04T14:12:15-05:00,29.8,81,429
2024-11-04T14:13:17-05:00,29.8,81,437
2024-11-04T14:14:19-05:00,29.8,81,433
2024-11-04T14:15:20-05:00,29.8,81,434
2024-11-04T14:16:22-05:00,29.8,81,436
2024-11-04T14:17:24-05:00,29.8,81,435
2024-11-04T14:18:25-05:00,29.8,81,438
2024-11-04T14:19:27-05:00,29.8,81,444
2024-11-04T14:20:29-05:00,29.8,81,432
2024-11-04T14:21:31-05:00,29.8,81,303
2024-11-04T14:22:32-05:00,29.8,81,331
2024-11-04T14:23:34-05:00,29.8,81,291
2024-11-04T14:25:44-05:00,29.8,81,255
2024-11-04T14:26:48-05:00,29.8,81,233
2024-11-04T14:27:50-05:00,29.8,81,440
2024-11-04T14:28:52-05:00,29.8,81,338
2024-11-04T14:29:54-05:00,29.9,81,339
2024-11-04T14:30:56-05:00,30.2,80,325
2024-11-04T14:31:59-05:00,29.8,81,465
2024-11-04T14:33:01-05:00,29.8,81,307
2024-11-04T14:34:03-05:00,29.8,81,283
2024-11-04T14:35:05-05:00,29.8,81,289
2024-11-04T14:36:07-05:00,30.2,80,232
2024-11-04T14:37:09-05:00,30.2,79,250
2024-11-04T14:38:10-05:00,30.2,79,279
2024-11-04T14:39:12-05:00,30.2,79,269
2024-11-04T14:40:14-05:00,30.2,79,294
2024-11-05T12:24:33-05:00,29.8,81,267
2024-11-05T12:25:35-05:00,29.8,81,276
2024-11-05T12:26:37-05:00,29.8,80,263
2024-11-05T12:27:39-05:00,29.8,80,262
2024-11-05T12:28:41-05:00,29.8,80,272
2024-11-05T12:29:42-05:00,29.8,80,235
2024-11-05T12:30:45-05:00,29.8,80,253
2024-11-05T12:31:47-05:00,29.8,80,268
2024-11-05T12:32:49-05:00,30.2,79,381
2024-11-05T12:33:50-05:00,30.2,79,398
2024-11-05T12:34:52-05:00,30.2,79,460
2024-11-05T12:35:53-05:00,30.2,79,393
2024-11-05T12:36:55-05:00,30.2,79,327
2024-11-05T12:37:57-05:00,30.2,79,344
2024-11-05T12:38:59-05:00,30.2,79,386
2024-11-05T12:40:01-05:00,30.2,79,477
2024-11-05T12:41:03-05:00,30.2,79,337
2024-11-05T12:42:04-05:00,30.2,79,306
2024-11-05T12:43:06-05:00,30.2,78,209
2024-11-05T12:44:08-05:00,30.2,79,174
2024-11-05T12:45:09-05:00,30.2,79,178
2024-11-05T12:46:11-05:00,30.2,79,173
2024-11-05T12:47:13-05:00,30.2,79,476
2024-11-05T12:48:15-05:00,30.2,79,56
2024-11-05T12:49:17-05:00,30.2,79,155
2024-11-05T12:50:19-05:00,30.2,79,500
2024-11-05T12:51:21-05:00,30.2,79,161
2024-11-05T12:52:22-05:00,30.2,79,453
2024-11-05T12:53:24-05:00,30.2,79,164
2024-11-05T12:54:26-05:00,30.2,79,172
2024-11-05T12:55:27-05:00,30.2,80,265
2024-11-05T12:56:30-05:00,30.2,79,238
2024-11-05T12:57:31-05:00,30.2,79,236
2024-11-05T12:58:33-05:00,30.2,79,245
2024-11-05T12:59:35-05:00,30.2,79,184
2024-11-05T13:00:37-05:00,30.2,79,206
2024-11-05T13:01:38-05:00,30.2,79,188
2024-11-05T13:02:40-05:00,30.2,79,190
2024-11-05T13:03:42-05:00,30.2,79,187
2024-11-05T13:04:43-05:00,30.2,79,439
2024-11-05T13:05:45-05:00,30.2,79,464
2024-11-05T13:06:47-05:00,30.2,79,456
2024-11-05T13:07:49-05:00,30.2,79,320
2024-11-05T13:08:50-05:00,30.2,79,305
2024-11-05T13:09:52-05:00,30.2,79,300
2024-11-05T13:10:54-05:00,30.2,80,317
2024-11-05T13:11:56-05:00,30.2,80,315
2024-11-05T13:12:57-05:00,30.2,80,310
2024-11-05T13:13:59-05:00,30.2,79,323
2024-11-05T13:15:01-05:00,30.2,79,282
2024-11-05T13:16:03-05:00,30.2,79,485
2024-11-05T13:17:04-05:00,30.2,79,301
2024-11-05T13:18:06-05:00,30.2,79,292
2024-11-05T13:19:08-05:00,30.2,79,443
2024-11-05T13:20:10-05:00,30.2,79,457
2024-11-05T13:21:11-05:00,30.2,79,447
2024-11-05T13:22:13-05:00,30.2,79,481
2024-11-05T13:23:15-05:00,30.2,79,150
2024-11-05T13:24:17-05:00,30.2,79,442
2024-11-05T13:25:18-05:00,30.2,79,239
2024-11-05T13:26:20-05:00,30.2,79,450
2024-11-05T13:27:22-05:00,30.2,79,128
2024-11-05T13:28:24-05:00,30.2,79,462
2024-11-05T13:29:25-05:00,30.2,79,311
2024-11-05T13:30:27-05:00,30.2,79,298
2024-11-05T13:31:32-05:00,30.2,79,324
2024-11-05T13:32:34-05:00,30.2,79,302
2024-11-06T05:48:40-05:00,30.2,79,318
2024-11-06T05:49:42-05:00,30.2,79,304
2024-11-06T05:50:44-05:00,30.2,79,153
2024-11-06T05:51:42-05:00,30.2,79,183
2024-11-06T05:52:43-05:00,30.2,79,296
2024-11-06T05:53:45-05:00,30.8,78,479
2024-11-06T05:54:47-05:00,30.8,75,297
2024-11-06T05:55:48-05:00,30.8,77,293
2024-11-06T05:56:50-05:00,30.8,75,313
2024-11-06T05:57:52-05:00,30.8,75,295
2024-11-06T05:58:54-05:00,30.8,75,328
2024-11-06T05:59:56-05:00,30.8,78,309
2024-11-06T06:00:58-05:00,30.8,75,341
2024-11-06T06:01:59-05:00,30.8,76,333
2024-11-06T06:03:01-05:00,30.8,75,141
2024-11-06T06:04:03-05:00,30.8,73,130
2024-11-06T06:05:05-05:00,30.8,74,321
2024-11-06T06:06:06-05:00,30.8,75,316
2024-11-06T06:07:08-05:00,30.8,75,319
2024-11-06T06:08:10-05:00,30.8,74,322
2024-11-06T06:09:12-05:00,30.8,73,237
2024-11-06T06:10:13-05:00,30.8,75,216
2024-11-06T06:11:15-05:00,30.8,74,249
2024-11-06T06:12:17-05:00,30.8,77,278
2024-11-06T06:15:30-05:00,31.3,76,266
2024-11-06T06:16:34-05:00,31.3,75,271
2024-11-06T06:18:42-05:00,31.3,77,227
2024-11-06T06:19:43-05:00,31.3,77,220
2024-11-06T06:20:46-05:00,31.3,78,224
2024-11-06T06:21:48-05:00,31.3,78,105
2024-11-06T06:22:50-05:00,31.3,76,146
2024-11-06T06:23:52-05:00,31.3,75,143
2024-11-06T06:24:54-05:00,31.3,76,134
2024-11-06T06:25:55-05:00,31.3,77,145
2024-11-06T06:26:57-05:00,31.3,76,196
2024-11-06T06:27:59-05:00,31.3,76,198
2024-11-06T06:29:01-05:00,31.3,75,199
2024-11-06T06:30:02-05:00,31.3,74,166
2024-11-06T06:31:04-05:00,31.3,74,169
2024-11-06T06:32:06-05:00,30.8,74,138
2024-11-06T06:33:08-05:00,30.8,75,185
2024-11-06T06:34:09-05:00,30.8,75,180
2024-11-06T06:35:11-05:00,30.8,75,182
2024-11-06T06:36:13-05:00,30.8,75,189
2024-11-06T06:37:15-05:00,30.8,75,176
2024-11-06T06:38:16-05:00,30.8,75,200
2024-11-06T06:39:18-05:00,30.8,75,201
2024-11-06T06:40:20-05:00,30.8,75,194
2024-11-06T06:41:22-05:00,30.8,75,191
2024-11-06T06:42:24-05:00,30.8,75,186
2024-11-06T06:43:26-05:00,30.8,76,195
2024-11-06T06:44:29-05:00,30.8,77,193
2024-11-06T06:45:30-05:00,30.8,75,192
2024-11-06T06:46:32-05:00,30.8,75,225
2024-11-06T06:47:34-05:00,30.8,75,223
2024-11-06T06:48:36-05:00,30.8,76,177
2024-11-06T06:49:39-05:00,30.8,76,162
2024-11-06T06:50:41-05:00,31.3,76,137
2024-11-06T06:51:43-05:00,31.3,76,129
2024-11-06T06:52:45-05:00,31.3,75,126
2024-11-06T06:53:47-05:00,31.3,76,131
2024-11-06T06:54:49-05:00,31.3,76,133
2024-11-06T06:55:51-05:00,31.3,75,125
2024-11-06T06:56:53-05:00,31.3,75,124
2024-11-06T06:57:55-05:00,30.8,75,123
2024-11-06T06:58:57-05:00,30.8,75,50
2024-11-06T06:59:59-05:00,30.8,75,49
2024-11-06T07:01:01-05:00,30.8,75,53
2024-11-06T07:02:03-05:00,30.8,75,57
2024-11-06T07:03:05-05:00,30.8,74,51
2024-11-06T07:04:07-05:00,30.8,74,60
2024-11-06T07:05:09-05:00,30.8,72,55
2024-11-06T07:06:11-05:00,30.8,72,77
2024-11-06T07:07:13-05:00,30.8,73,109
2024-11-13T07:47:31-05:00,31.8,74,81
2024-11-13T07:48:33-05:00,32.8,75,65
2024-11-13T09:21:15-05:00,29.3,71,99
2024-11-13T09:22:17-05:00,28.9,71,98
2024-11-13T09:23:16-05:00,28.9,71,94
2024-11-13T09:24:18-05:00,28.9,71,92
2024-11-13T09:25:20-05:00,28.9,71,87
2024-11-13T09:26:22-05:00,28.9,72,88
2024-11-13T09:27:24-05:00,28.9,72,86
2024-11-13T09:28:27-05:00,28.9,72,84
2024-11-13T09:29:29-05:00,28.9,72,82
2024-11-13T09:30:31-05:00,28.9,72,79
2024-11-13T09:31:21-05:00,29.9,73,75
2024-11-13T09:32:27-05:00,30.72,74,80
2024-11-13T09:33:29-05:00,30.71,75,78
2024-11-13T09:34:31-05:00,30.73,76,63
2024-11-13T09:35:34-05:00,30.74,77,46
2024-11-13T09:36:35-05:00,30.76,78,38
2024-11-13T09:37:37-05:00,30.75,79,42
2024-11-13T09:38:39-05:00,30.77,80,40
2024-11-13T09:39:41-05:00,30.79,81,36
2024-11-13T09:40:43-05:00,30.81,82,39
2024-11-13T09:41:45-05:00,30.91,83,35
2024-11-13T09:42:47-05:00,31,84,33
2024-11-13T09:43:49-05:00,31.02,85,30
2024-11-13T09:44:51-05:00,31.08,86,32
2024-11-13T09:45:54-05:00,31.11,87,19
2024-11-13T09:46:56-05:00,31.07,88,37
2024-11-13T09:47:57-05:00,31.04,89,34
2024-11-13T09:48:59-05:00,31.01,69,27
2024-11-13T09:50:01-05:00,30.99,70,31
2024-11-13T09:51:03-05:00,30.95,71,18
2024-11-13T09:52:05-05:00,30.93,72,58
2024-11-13T10:11:08-05:00,30.94,73,85
2024-11-13T10:12:10-05:00,31.03,74,74
2024-11-13T10:13:12-05:00,31.05,72,76
2024-11-13T10:14:14-05:00,31.06,72,68
2024-11-13T10:15:18-05:00,30.96,73,71
2024-11-13T10:16:20-05:00,30.92,73,69
2024-11-13T10:17:23-05:00,30.97,72,72
2024-11-13T10:18:25-05:00,30.98,72,20
2024-11-13T10:19:27-05:00,31.09,72,23
2024-11-13T10:20:29-05:00,31.1,72,44
2024-11-13T10:21:30-05:00,31.15,72,64
2024-11-13T10:22:33-05:00,28.9,72,59
2024-11-13T10:25:24-05:00,29.3,72,41
2024-11-13T10:26:26-05:00,29.3,72,48
2024-11-13T10:27:55-05:00,28.9,72,10
2024-11-13T10:28:56-05:00,28.9,72,26
2024-11-13T10:29:58-05:00,28.9,72,24
2024-11-13T10:31:00-05:00,28.9,72,9
2024-11-13T10:32:02-05:00,28.9,72,28
2024-11-23T09:18:20-05:00,31.16,73,22
2024-11-23T09:19:21-05:00,31.13,74,25
2024-11-23T09:28:56-05:00,31.14,75,21
2024-11-23T09:29:59-05:00,31.39,76,29
2024-11-23T09:31:01-05:00,31.34,77,16
2024-11-23T09:32:03-05:00,31.31,78,17
2024-11-23T09:33:04-05:00,31.24,79,11
2024-11-23T09:34:06-05:00,31.23,80,4
2024-11-23T11:47:21-05:00,25.3,70,62
2024-11-23T11:48:22-05:00,25.3,69,52
2024-11-23T11:49:24-05:00,25.3,70,54
2024-11-23T11:50:25-05:00,25.3,70,43
2024-11-23T11:51:27-05:00,25.3,70,14
2024-11-23T11:52:28-05:00,25.3,70,8
2024-11-23T11:53:29-05:00,25.3,70,184
2024-11-23T11:54:31-05:00,25.3,70,197
2024-11-23T11:55:32-05:00,25.3,70,198
2024-11-23T11:56:34-05:00,25.3,69,188
2024-11-23T11:57:50-05:00,25.3,70,173
2024-11-23T11:58:52-05:00,25.3,70,165
2024-11-23T12:00:22-05:00,25.3,70,191
2024-11-23T12:01:23-05:00,25.3,71,191
2024-11-23T12:01:48-05:00,25.3,70,227
2024-11-23T12:02:50-05:00,25.3,70,168
2024-11-23T12:03:51-05:00,25.3,70,198
2024-11-23T12:04:52-05:00,25.3,70,201
2024-11-23T12:05:54-05:00,25.3,70,252
2024-11-23T12:06:55-05:00,25.3,70,310
2024-11-23T12:07:57-05:00,25.3,70,196
2024-11-23T12:08:58-05:00,25.3,70,132
2024-11-23T12:10:00-05:00,25.3,70,147
2024-11-23T12:11:01-05:00,25.3,70,179
2024-11-23T12:12:03-05:00,25.3,70,145
2024-11-23T12:13:04-05:00,25.3,70,115
2024-11-23T12:14:06-05:00,25.3,71,140
2024-11-23T12:18:21-05:00,25.3,71,156
2024-11-23T12:19:22-05:00,25.3,71,225
2024-11-23T12:20:24-05:00,25.3,71,251
2024-11-23T12:21:25-05:00,25.3,71,228
2024-11-23T12:22:27-05:00,25.3,71,223
2024-11-23T12:23:29-05:00,25.3,71,170
2024-11-23T12:24:30-05:00,25.3,71,165
2024-11-23T12:25:31-05:00,25.3,71,159
2024-11-23T12:37:57-05:00,25.3,71,232
2024-11-23T12:38:58-05:00,25.3,72,242
2024-11-23T12:40:00-05:00,25.3,71,274
2024-11-23T12:41:01-05:00,25.3,72,259
2024-11-23T12:42:03-05:00,25.3,71,225
2024-11-23T12:43:04-05:00,25.3,71,177
2024-11-23T12:44:06-05:00,25.3,71,120
2024-11-23T12:45:07-05:00,25.3,71,120
2024-11-23T12:46:09-05:00,25.3,71,120
2024-11-23T12:47:09-05:00,25.3,71,132
2024-11-23T12:48:11-05:00,25.3,71,136
2024-11-23T12:49:12-05:00,25.3,71,182
2024-11-23T13:05:08-05:00,26.3,72,222
2024-11-23T13:06:10-05:00,27.3,73,230
2024-11-23T13:07:12-05:00,28.3,74,224
2024-11-30T12:52:31-05:00,22.9,81,217
2024-11-30T12:53:33-05:00,23,81,230
2024-11-30T12:54:36-05:00,23,81,229
2024-11-30T13:48:49-05:00,23,81,229
2024-11-30T13:49:51-05:00,23,83,235
2024-11-30T13:50:53-05:00,23,81,214
2024-11-30T13:51:55-05:00,23,81,186
2024-11-30T13:53:12-05:00,23,81,172
2024-11-30T13:54:13-05:00,23,82,138
2024-11-30T13:55:16-05:00,23.4,84,125
2024-11-30T13:56:54-05:00,23,82,132
2024-11-30T13:57:56-05:00,23,84,111
2024-11-30T13:58:58-05:00,23,82,137
2024-11-30T13:59:59-05:00,23.4,81,172
2024-11-30T14:01:01-05:00,23.4,81,160
2024-11-30T14:02:03-05:00,23.4,81,163
2024-11-30T14:03:06-05:00,23.4,81,165
2024-11-30T14:04:11-05:00,23.4,81,139
2024-11-30T14:05:13-05:00,23.4,80,176
2024-11-30T14:08:09-05:00,23.4,80,162
2024-11-30T14:09:09-05:00,60.1,66,160
2024-11-30T14:10:11-05:00,23.4,81,142
2024-11-30T14:11:14-05:00,23.4,80,172
2024-11-30T14:12:26-05:00,23.4,81,134
2024-11-30T14:13:27-05:00,23.4,81,136
2024-11-30T14:14:29-05:00,23,81,130
2024-11-30T14:15:31-05:00,23,81,111
2024-11-30T14:16:32-05:00,23,81,117
2024-11-30T14:17:34-05:00,23,81,102
2024-11-30T14:26:26-05:00,30.82,82,108
2024-11-30T14:27:28-05:00,30.69,83,99
2024-11-30T14:28:29-05:00,30.7,84,121
2024-11-30T14:29:31-05:00,31.74,85,86
2024-11-30T14:30:32-05:00,31.73,86,57
2024-11-30T23:08:28-05:00,31.71,78,107
2024-11-30T23:09:30-05:00,31.72,78,118
2024-11-30T23:10:31-05:00,23.8,79,110
2024-11-30T23:11:33-05:00,23.8,78,114
2024-11-30T23:12:36-05:00,23.8,78,111
2024-11-30T23:13:38-05:00,23.4,77,117
2024-11-30T23:14:39-05:00,23.4,79,107
2024-11-30T23:15:41-05:00,23.4,80,87
2024-11-30T23:16:43-05:00,23.4,80,89
2024-11-30T23:17:45-05:00,23.4,79,97
2024-11-30T23:18:47-05:00,23.4,80,100
2024-11-30T23:19:49-05:00,23.4,80,105
2024-11-30T23:20:52-05:00,23.4,80,114
2024-11-30T23:21:53-05:00,23.4,80,116
2024-11-30T23:22:58-05:00,23.8,80,116
2024-11-30T23:24:00-05:00,23.4,79,98
2024-11-30T23:25:02-05:00,23.4,79,116
2024-11-30T23:26:06-05:00,23.4,79,108
2024-11-30T23:27:08-05:00,23.4,79,100
2024-11-30T23:28:10-05:00,23.4,79,92
2024-11-30T23:29:11-05:00,23.4,79,80
2024-11-30T23:30:13-05:00,23.4,78,88
2024-11-30T23:31:15-05:00,23.4,78,83
2024-11-30T23:32:17-05:00,23.4,79,100
2024-11-30T23:33:19-05:00,23.4,78,81
2024-11-30T23:34:21-05:00,23.4,79,112
2024-11-30T23:35:23-05:00,23.8,79,113
2024-11-30T23:36:26-05:00,23.8,78,105
2024-11-30T23:37:28-05:00,23.8,78,88
2024-11-30T23:38:29-05:00,23.8,77,78
2024-11-30T23:39:31-05:00,23.8,77,78
2024-11-30T23:40:33-05:00,23.8,78,69
2024-11-30T23:41:35-05:00,23.8,77,60
2024-11-30T23:42:36-05:00,23.8,77,51
2024-11-30T23:43:38-05:00,23.4,77,61
2024-11-30T23:44:40-05:00,23.4,77,90
2024-11-30T23:45:42-05:00,23.4,77,74
2024-11-30T23:46:44-05:00,23.4,78,76
2024-12-02T09:09:08-05:00,24.1,79,77
2024-12-02T09:10:10-05:00,24.1,79,92
2024-12-02T09:11:13-05:00,24.5,79,93
2024-12-02T09:12:15-05:00,24.5,79,88
2024-12-02T09:13:17-05:00,24.5,78,75
2024-12-02T09:14:19-05:00,24.5,78,79
2024-12-02T09:15:21-05:00,24.5,78,74
2024-12-02T09:16:22-05:00,24.5,78,62
2024-12-02T09:17:24-05:00,24.5,78,53
2024-12-02T09:18:27-05:00,24.5,78,53
2024-12-02T09:19:28-05:00,24.5,78,55
2024-12-02T09:20:30-05:00,24.5,78,52
2024-12-02T09:21:32-05:00,24.5,77,55
2024-12-02T09:22:33-05:00,24.5,77,56
2024-12-02T09:23:35-05:00,24.5,77,56
2024-12-02T09:24:38-05:00,24.5,78,52
2024-12-02T09:25:40-05:00,24.5,78,53
2024-12-02T09:26:42-05:00,24.5,78,76
2024-12-02T09:27:44-05:00,24.5,77,76
2024-12-02T09:28:45-05:00,24.5,77,81
2024-12-02T09:29:47-05:00,24.8,77,59
2024-12-02T09:30:49-05:00,24.8,77,60
2024-12-02T09:31:51-05:00,24.8,77,61
2024-12-02T09:32:53-05:00,24.5,77,46
2024-12-02T09:33:55-05:00,24.5,77,40
2024-12-02T09:34:57-05:00,24.8,77,33
2024-12-02T09:35:59-05:00,24.8,77,49
2024-12-02T09:37:04-05:00,24.5,77,32
2024-12-02T09:38:06-05:00,24.5,77,33
2024-12-02T09:39:08-05:00,24.5,77,42
2024-12-02T09:40:10-05:00,24.5,77,43
2024-12-02T09:41:12-05:00,24.5,77,53
2024-12-02T09:42:14-05:00,24.5,77,47
2024-12-02T09:43:16-05:00,24.5,77,48
2024-12-02T09:44:18-05:00,24.5,77,49
2024-12-02T09:45:20-05:00,24.5,77,79
2024-12-02T09:46:22-05:00,24.5,77,80
2024-12-02T09:47:24-05:00,24.5,77,81
2024-12-02T09:48:26-05:00,24.2,77,51
2024-12-02T09:49:31-05:00,24.1,77,52
2024-12-02T09:50:33-05:00,24.1,78,53
2024-12-02T09:51:35-05:00,24.1,78,88
2024-12-02T09:52:37-05:00,24.1,78,78
2024-12-02T09:53:39-05:00,24.1,78,90
2024-12-02T09:54:41-05:00,24.1,78,43
2024-12-02T09:55:46-05:00,24.1,78,44
2024-12-02T09:56:49-05:00,24.1,78,45
2024-12-02T09:57:51-05:00,24.1,78,46
2024-12-02T09:58:53-05:00,24.1,78,47
2024-12-02T09:59:55-05:00,24.1,78,55
2024-12-02T10:01:03-05:00,24.1,78,56
2024-12-02T10:02:06-05:00,24.1,78,52
2024-12-02T10:03:08-05:00,24.1,78,53
2024-12-02T10:04:10-05:00,24.1,79,84
2024-12-02T10:05:12-05:00,24.1,79,95
2024-12-02T10:07:23-05:00,24.5,79,58
2024-12-02T10:08:38-05:00,24.5,78,59
2024-12-02T10:09:37-05:00,24.5,78,60
2024-12-02T10:50:56-05:00,24.5,77,192
2024-12-02T10:51:58-05:00,24.5,77,193
2024-12-02T10:53:17-05:00,24.5,77,81
2024-12-02T10:58:59-05:00,24.5,77,82
2024-12-02T11:00:01-05:00,24.5,77,65
2024-12-02T11:01:03-05:00,24.5,77,66
2024-12-02T11:02:05-05:00,24.5,77,86
2024-12-02T11:03:07-05:00,24.5,77,62
2024-12-02T11:04:09-05:00,24.5,77,78
2024-12-02T11:04:41-05:00,24.5,77,114
2024-12-02T11:05:16-05:00,24.5,77,103
2024-12-02T11:06:17-05:00,24.5,77,134
2024-12-02T11:07:19-05:00,24.5,77,357
2024-12-04T08:25:15-05:00,24.1,11,423
2024-12-04T08:26:16-05:00,24.1,77,412
2024-12-04T08:27:18-05:00,24.1,77,413
2024-12-04T08:28:20-05:00,24.5,77,411
2024-12-04T08:29:22-05:00,24.5,77,412
2024-12-04T08:30:24-05:00,24.5,77,414
2024-12-04T08:31:26-05:00,24.5,76,415
2024-12-04T08:32:28-05:00,24.5,76,425
2024-12-04T08:33:34-05:00,24.5,76,411
2024-12-04T08:34:36-05:00,24.5,76,420
2024-12-04T08:35:38-05:00,24.5,76,407
2024-12-04T08:36:39-05:00,24.5,76,415
2024-12-04T08:37:41-05:00,24.5,77,409
2024-12-04T08:38:45-05:00,24.5,77,417
2024-12-04T08:39:47-05:00,24.5,77,411
2024-12-04T08:40:49-05:00,24.5,77,423
2024-12-04T08:41:51-05:00,24.5,77,413
2024-12-04T08:42:53-05:00,24.5,77,414
2024-12-04T08:43:55-05:00,24.5,77,415
2024-12-06T10:36:56-05:00,25.5,78,419
2024-12-06T10:37:57-05:00,23.8,98,403
2024-12-06T10:38:59-05:00,23.8,80,402
2024-12-06T10:40:01-05:00,23.8,73,411
2024-12-06T10:40:55-05:00,23.8,73,403
2024-12-06T10:41:57-05:00,23.8,73,403
2024-12-06T10:43:00-05:00,23.8,73,413
2024-12-06T10:44:01-05:00,23.8,73,402
2024-12-06T10:45:04-05:00,23.8,73,401
2024-12-06T10:46:06-05:00,23.8,73,408
2024-12-06T10:47:08-05:00,23.8,73,399
2024-12-06T10:48:10-05:00,23.8,73,354
2024-12-06T10:49:12-05:00,23.8,73,355
2024-12-06T10:50:14-05:00,23.8,73,399
2024-12-06T10:51:16-05:00,23.8,73,412
2024-12-06T10:52:18-05:00,23.8,73,409
2024-12-06T10:53:20-05:00,24.1,72,401
2024-12-06T10:54:22-05:00,23.8,72,373
2024-12-06T10:55:23-05:00,23.8,72,345
2024-12-06T10:56:25-05:00,23.8,72,406
2024-12-06T10:57:28-05:00,23.8,72,402
2024-12-06T10:58:30-05:00,23.8,72,400
2024-12-06T10:59:32-05:00,24.1,72,401
2024-12-06T11:00:34-05:00,24.1,72,396
2024-12-06T11:01:36-05:00,24.1,72,407
2024-12-06T11:02:38-05:00,23.8,72,414
2024-12-06T11:03:40-05:00,24.1,72,396
2024-12-06T11:04:42-05:00,24.1,73,402
2024-12-06T11:05:44-05:00,24.1,72,399
2024-12-06T11:06:47-05:00,24.1,72,409
2024-12-06T11:07:49-05:00,24.1,72,399
2024-12-06T11:08:51-05:00,24.1,72,402
2024-12-06T11:09:53-05:00,23.8,72,401
2024-12-06T11:10:55-05:00,24.1,72,412
2024-12-06T11:11:57-05:00,24.1,72,404
2024-12-06T11:12:58-05:00,24.1,72,405
2024-12-06T11:14:00-05:00,24.1,72,403
2024-12-06T11:15:02-05:00,24.1,72,411
2024-12-06T11:16:05-05:00,24.1,72,416
2024-12-06T11:17:06-05:00,24.1,72,402
2024-12-06T11:18:08-05:00,24.1,72,397
2024-12-06T11:19:10-05:00,24.1,72,372
2024-12-06T11:20:12-05:00,24.1,72,362
2024-12-06T11:21:14-05:00,24.1,72,355
2024-12-06T11:22:15-05:00,24.1,72,364
2024-12-06T11:23:18-05:00,24.1,72,378
2024-12-06T11:24:20-05:00,24.1,72,373
2024-12-06T11:25:21-05:00,24.1,72,351
2024-12-06T11:28:35-05:00,24.1,72,353
2024-12-06T11:29:37-05:00,24.1,72,360
2024-12-06T11:30:39-05:00,24.1,72,362
2024-12-06T11:31:41-05:00,24.1,72,371
2024-12-06T11:32:43-05:00,24.1,72,352
2024-12-06T11:33:45-05:00,24.1,72,361
2024-12-06T11:34:47-05:00,24.1,72,356
2024-12-06T11:35:49-05:00,24.1,72,352
2024-12-06T11:36:55-05:00,24.1,72,363
2024-12-06T11:37:57-05:00,24.1,72,352
2024-12-06T11:38:59-05:00,24.1,72,378
2024-12-06T11:40:01-05:00,24.1,72,359
2024-12-06T11:41:03-05:00,24.1,72,366
2024-12-06T11:42:05-05:00,24.1,72,378
2024-12-06T11:43:07-05:00,24.1,72,358
2024-12-06T11:44:09-05:00,24.1,71,366
2024-12-06T11:46:17-05:00,24.1,71,355
2024-12-06T11:47:20-05:00,24.1,71,353
2024-12-06T11:48:21-05:00,24.1,72,361
2024-12-06T11:49:23-05:00,24.1,72,359
2024-12-06T11:50:25-05:00,24.1,71,374
2024-12-06T11:51:28-05:00,24.1,71,361
2024-12-06T11:52:30-05:00,24.1,71,371
2024-12-06T11:53:32-05:00,24.1,71,367
2024-12-06T11:54:34-05:00,24.1,71,350
2024-12-06T11:55:36-05:00,24.1,71,359
2024-12-06T11:56:38-05:00,24.1,71,355
2024-12-06T11:57:40-05:00,24.1,71,359
2024-12-06T11:58:42-05:00,24.1,71,364
2024-12-06T11:59:44-05:00,24.1,71,375
2024-12-06T12:00:46-05:00,24.1,71,374
2024-12-06T12:01:48-05:00,24.1,72,359
2024-12-06T12:02:50-05:00,24.1,72,359
2024-12-06T12:03:52-05:00,24.1,71,358
2024-12-06T12:04:54-05:00,24.1,72,365
2024-12-06T12:05:56-05:00,24.1,71,348
2024-12-06T12:06:58-05:00,24.1,71,355
2024-12-06T12:08:00-05:00,24.1,71,378
2024-12-06T12:09:02-05:00,24.1,71,378
2024-12-06T12:10:04-05:00,24.1,71,364
2024-12-06T12:11:06-05:00,24.1,72,362
2024-12-06T12:12:08-05:00,24.1,71,375
2024-12-06T12:13:10-05:00,24.1,71,356
2024-12-06T12:14:12-05:00,24.1,71,366
2024-12-06T12:15:14-05:00,24.1,71,345
2024-12-06T12:16:16-05:00,24.1,71,371
2024-12-06T12:17:18-05:00,24.1,71,351
2024-12-06T12:18:20-05:00,24.1,71,362
2024-12-06T12:19:22-05:00,24.1,71,360
2024-12-06T12:20:24-05:00,24.1,71,378
2024-12-06T12:21:27-05:00,24.1,72,378
2024-12-06T12:22:31-05:00,24.1,71,346
2024-12-06T12:23:33-05:00,24.1,72,359
2024-12-06T12:24:35-05:00,24.1,72,350
2024-12-06T12:25:37-05:00,24.1,72,375
2024-12-07T10:52:22-05:00,22.6,71,412
2024-12-07T10:53:23-05:00,22.6,71,408
2024-12-07T10:54:25-05:00,22.6,71,385
2024-12-07T10:55:27-05:00,23,71,389
2024-12-07T10:56:29-05:00,23,70,391
2024-12-07T10:57:31-05:00,23,71,397
2024-12-07T10:58:33-05:00,23,70,409
2024-12-07T10:59:35-05:00,23,70,408
2024-12-07T11:00:36-05:00,23,69,389
2024-12-07T11:01:38-05:00,23,69,329
2024-12-07T11:02:40-05:00,23,70,332
2024-12-07T11:03:42-05:00,23.4,70,326
2024-12-07T11:04:44-05:00,23.4,69,356
2024-12-07T11:05:46-05:00,23.4,70,350
2024-12-07T11:06:48-05:00,23.4,70,352
2024-12-07T11:07:50-05:00,23.4,70,367
2024-12-07T11:08:52-05:00,23.4,69,353
2024-12-07T11:09:54-05:00,23.4,69,365
2024-12-07T11:10:56-05:00,23.4,69,340
2024-12-07T11:11:57-05:00,23.4,70,343
2024-12-07T11:13:02-05:00,23.4,70,348
2024-12-07T11:14:04-05:00,23.4,69,349
2024-12-07T11:15:06-05:00,23.4,69,346
2024-12-07T11:16:08-05:00,23.4,69,353
2024-12-07T11:17:10-05:00,23.4,69,355
2024-12-07T11:18:12-05:00,23.4,69,408
2024-12-07T11:19:14-05:00,23.4,69,390
2024-12-07T11:20:16-05:00,23.4,69,399
2024-12-07T11:21:21-05:00,23.4,69,394
2024-12-07T11:22:23-05:00,23.4,69,396
2024-12-07T11:23:25-05:00,23.4,69,397
2024-12-07T11:24:27-05:00,23.4,69,408
2024-12-07T11:25:29-05:00,23.4,70,372
2024-12-07T11:26:31-05:00,23.4,69,380
2024-12-07T11:27:33-05:00,23.4,69,363
2024-12-07T11:28:35-05:00,23.4,69,395
2024-12-07T11:29:37-05:00,23.4,69,390
2024-12-07T11:30:39-05:00,23.4,70,389
2024-12-07T11:31:41-05:00,23.4,70,394
2024-12-07T11:32:43-05:00,23.4,69,371
2024-12-07T11:33:45-05:00,23.4,69,348
2024-12-07T11:34:47-05:00,23.4,69,334
2024-12-07T11:35:50-05:00,23.4,69,351
2024-12-07T11:36:52-05:00,23.4,70,335
2024-12-07T11:37:54-05:00,23.4,69,365
2024-12-07T11:38:56-05:00,23.4,69,336
2024-12-07T11:39:58-05:00,23.4,69,329
2024-12-07T11:41:00-05:00,23.4,69,335
2024-12-07T11:42:02-05:00,23.4,69,363
2024-12-07T11:43:04-05:00,23.7,69,354
2024-12-07T11:44:06-05:00,23.4,69,347
2024-12-07T11:45:08-05:00,23.4,69,369
2024-12-07T11:46:10-05:00,23.4,70,348
2024-12-07T11:47:12-05:00,23.4,70,355
2024-12-07T11:48:14-05:00,23.5,70,336
2024-12-07T11:49:16-05:00,23.5,70,354
2024-12-07T11:50:18-05:00,23.4,70,350
2024-12-07T11:51:20-05:00,23.8,70,353
2024-12-07T11:52:22-05:00,23.8,70,361
2024-12-07T11:53:27-05:00,23.8,70,360
2024-12-07T11:54:29-05:00,23.8,70,348
2024-12-07T11:55:31-05:00,23.4,69,376
2024-12-07T11:56:33-05:00,23.4,69,348
2024-12-07T11:57:35-05:00,23.4,69,370
2024-12-07T11:58:37-05:00,23.8,69,361
2024-12-07T11:59:40-05:00,23.8,69,355
2024-12-07T12:00:41-05:00,23.8,69,375
2024-12-07T12:01:44-05:00,23.4,70,348
2024-12-07T12:02:46-05:00,23.4,70,368
2024-12-07T12:03:48-05:00,23.4,69,375
2024-12-07T12:04:51-05:00,23.4,69,366
2024-12-07T12:05:53-05:00,23.4,69,372
2024-12-07T12:06:55-05:00,23.4,69,361
2024-12-07T12:07:57-05:00,23.4,69,359
2024-12-07T12:08:59-05:00,23.4,69,375
2024-12-07T12:10:01-05:00,23.4,70,360
2024-12-07T12:11:03-05:00,23.4,70,371
2024-12-07T12:12:04-05:00,23.4,70,357
2024-12-07T12:13:06-05:00,23.4,70,366
2024-12-07T12:14:08-05:00,23.4,71,348
2024-12-07T12:15:10-05:00,23.4,70,353
2024-12-07T12:16:12-05:00,23.4,70,350
2024-12-07T12:17:15-05:00,23.4,70,371
2024-12-07T12:18:17-05:00,23.4,70,374
2024-12-07T12:19:19-05:00,23.4,70,354
2024-12-07T12:20:21-05:00,23.4,70,378
2024-12-07T12:21:23-05:00,23.4,71,349
2024-12-07T12:22:25-05:00,23.4,71,361
2024-12-07T12:23:27-05:00,23.4,71,362
2024-12-07T12:24:29-05:00,23.4,71,366
2024-12-07T12:25:32-05:00,23.4,71,367
2024-12-08T09:23:42-05:00,22.6,71,370
2024-12-08T09:24:44-05:00,22.6,71,350
2024-12-08T09:25:46-05:00,22.6,71,349
2024-12-08T09:26:48-05:00,23,71,379
2024-12-08T09:27:50-05:00,23,71,350
2024-12-08T09:28:52-05:00,23,71,372
2024-12-08T09:29:54-05:00,23,70,355
2024-12-08T09:30:56-05:00,23,70,364
2024-12-08T09:31:59-05:00,23,70,367
2024-12-08T09:33:01-05:00,23,70,394
2024-12-08T09:34:03-05:00,23,71,357
2024-12-08T09:35:04-05:00,23,71,356
2024-12-08T09:36:07-05:00,23,72,356
2024-12-08T09:37:09-05:00,23.4,71,370
2024-12-08T09:38:11-05:00,23.4,70,388
2024-12-08T09:39:13-05:00,23.4,70,385
2024-12-08T09:40:15-05:00,23.4,69,366
2024-12-08T09:41:17-05:00,23.4,70,394
2024-12-08T09:42:19-05:00,23.4,70,362
2024-12-08T09:43:21-05:00,23.4,70,385
2024-12-08T09:44:23-05:00,23.4,70,382
2024-12-08T09:45:25-05:00,23.4,70,369
2024-12-08T09:46:27-05:00,23.4,70,370
2024-12-08T09:47:29-05:00,23.4,70,365
2024-12-08T09:48:31-05:00,23,70,362
2024-12-08T09:49:33-05:00,23.4,70,370
2024-12-08T09:50:34-05:00,23.4,70,430
2024-12-08T09:51:36-05:00,23.4,71,411
2024-12-08T09:52:38-05:00,23.4,71,424
2024-12-08T09:53:40-05:00,23.4,71,413
2024-12-08T09:54:42-05:00,23.4,70,400
2024-12-08T09:55:44-05:00,23.4,70,408
2024-12-08T09:56:46-05:00,23.4,69,424
2024-12-08T09:57:48-05:00,23.4,69,418
2024-12-08T09:58:50-05:00,23.4,69,426
2024-12-08T09:59:52-05:00,23.4,69,427
2024-12-08T10:00:54-05:00,23.4,69,407
2024-12-08T10:01:56-05:00,23.4,69,407
2024-12-08T10:02:58-05:00,23.4,69,410
2024-12-08T10:04:00-05:00,23.4,69,425
2024-12-08T10:05:02-05:00,23.4,69,408
2024-12-08T10:06:04-05:00,23.4,69,409
2024-12-08T10:07:06-05:00,23.4,69,395
2024-12-08T10:08:08-05:00,23.4,69,395
2024-12-08T10:09:10-05:00,23.4,69,380
2024-12-08T10:10:11-05:00,23.4,69,330
2024-12-08T10:11:13-05:00,23.4,69,330
2024-12-08T10:12:15-05:00,23.4,69,348
2024-12-08T10:13:17-05:00,23.4,69,407
2024-12-08T10:14:19-05:00,23.4,69,402
2024-12-08T10:15:21-05:00,23.4,69,406
2024-12-08T10:16:23-05:00,23.4,69,392
2024-12-08T10:17:25-05:00,23.4,69,389
2024-12-08T10:18:27-05:00,23.4,69,410
2024-12-08T10:19:28-05:00,23.4,69,394
2024-12-08T10:20:30-05:00,23.4,69,407
2024-12-08T10:21:32-05:00,23.4,69,394
2024-12-08T10:22:34-05:00,23.4,69,402
2024-12-08T10:23:36-05:00,23.4,69,408
2024-12-08T10:24:37-05:00,23.4,69,417
2024-12-08T10:25:39-05:00,23.4,69,356
2024-12-08T10:26:41-05:00,23.4,70,356
2024-12-08T10:27:42-05:00,23.4,69,358
2024-12-08T10:28:44-05:00,23.4,69,422
2024-12-08T10:29:46-05:00,23.4,69,423
2024-12-08T10:30:48-05:00,23.4,69,405
2024-12-08T10:31:50-05:00,23.4,69,405
2024-12-08T10:32:52-05:00,23.4,69,407
2024-12-08T10:33:53-05:00,23.4,69,418
2024-12-08T10:34:55-05:00,23.4,69,420
2024-12-08T10:35:57-05:00,23.4,69,412
2024-12-08T10:36:59-05:00,23.4,69,407
2024-12-08T10:38:01-05:00,23.4,69,408
2024-12-08T10:39:03-05:00,23.4,69,420
2024-12-08T10:40:04-05:00,23.4,69,419
2024-12-08T10:41:06-05:00,23.4,69,408
2024-12-08T10:42:08-05:00,23.4,69,418
2024-12-08T10:43:10-05:00,23.4,69,406
2024-12-08T10:44:12-05:00,23.4,69,412
2024-12-08T10:45:14-05:00,23.4,69,411
2024-12-08T10:46:16-05:00,23.4,69,421
2024-12-08T10:47:20-05:00,23.4,69,413
2024-12-09T06:37:40-05:00,23.4,75,411
2024-12-09T06:38:42-05:00,23.4,73,408
2024-12-09T06:39:44-05:00,23.4,73,413
2024-12-09T06:40:46-05:00,23.4,73,402
2024-12-09T06:41:48-05:00,23.4,73,407
2024-12-09T06:42:52-05:00,23.4,73,401
2024-12-09T06:43:59-05:00,23.4,72,417
2024-12-09T06:46:10-05:00,23.8,73,411
2024-12-09T06:47:16-05:00,23.8,72,403
2024-12-09T06:49:25-05:00,23.8,71,412
2024-12-09T06:50:27-05:00,23.8,71,411
2024-12-09T06:51:29-05:00,23.8,71,401
2024-12-09T06:53:40-05:00,23.8,69,418
2024-12-09T06:58:00-05:00,23.8,69,404
2024-12-09T06:59:02-05:00,23.8,69,403
2024-12-09T07:00:04-05:00,23.8,70,419
2024-12-09T07:01:08-05:00,23.8,70,405
2024-12-09T07:02:10-05:00,23.8,69,402
2024-12-09T07:03:12-05:00,23.8,69,415
2024-12-09T07:04:14-05:00,23.8,71,410
2024-12-09T07:05:19-05:00,23.8,70,402
2024-12-09T07:06:21-05:00,23.8,71,401
2024-12-09T07:07:26-05:00,23.8,71,403
2024-12-09T07:09:36-05:00,23.8,71,413
2024-12-09T07:10:39-05:00,23.8,71,404
2024-12-09T07:12:48-05:00,23.8,70,417
2024-12-09T07:13:50-05:00,23.8,70,400
2024-12-09T07:14:52-05:00,23.8,69,416
2024-12-09T07:15:56-05:00,23.8,69,416
2024-12-09T07:17:01-05:00,23.8,69,403
2024-12-09T07:19:09-05:00,23.8,69,413
2024-12-09T07:20:57-05:00,23.8,69,412
2024-12-09T07:23:09-05:00,23.8,69,414
2024-12-09T07:24:11-05:00,23.8,69,413
2024-12-09T07:25:13-05:00,23.8,69,401
2024-12-09T07:28:31-05:00,23.8,69,401
2024-12-09T07:29:35-05:00,23.8,69,413
2024-12-09T07:30:37-05:00,23.8,69,406
2024-12-09T07:31:39-05:00,23.8,69,412
2024-12-09T07:34:12-05:00,23.8,68,419
2024-12-09T07:35:16-05:00,23.8,68,413
2024-12-09T07:36:24-05:00,23.8,67,408
2024-12-09T07:38:50-05:00,23.8,68,413
2024-12-09T07:39:51-05:00,23.8,69,406
2024-12-09T07:41:59-05:00,23.8,68,401
2024-12-09T07:43:04-05:00,23.8,69,403
2024-12-09T07:44:06-05:00,23.8,69,414
2024-12-09T07:45:11-05:00,23.8,69,423
2024-12-09T07:46:36-05:00,23.8,69,411
2024-12-09T07:49:36-05:00,23.8,69,420
2024-12-09T07:55:08-05:00,23.8,70,421
2024-12-09T07:56:10-05:00,23.8,69,417
2024-12-09T07:57:14-05:00,23.8,69,402
2024-12-09T07:58:16-05:00,23.8,69,416
2024-12-09T07:59:18-05:00,23.8,69,405
2024-12-09T08:01:29-05:00,23.8,69,404
2024-12-09T08:03:36-05:00,23.8,69,423
2024-12-09T08:04:39-05:00,23.8,69,402
2024-12-09T08:05:41-05:00,23.8,69,409
2024-12-09T08:06:43-05:00,23.8,69,421
2024-12-09T08:12:23-05:00,23.8,69,401
2024-12-09T08:13:17-05:00,23.8,69,419
2024-12-09T08:14:24-05:00,23.8,69,404
2024-12-09T08:16:34-05:00,23.8,69,378
2024-12-09T08:22:19-05:00,23.8,69,383
2024-12-09T08:25:42-05:00,23.4,69,383
2024-12-09T08:26:49-05:00,23.4,69,351
2024-12-09T08:27:51-05:00,23.8,69,359
2024-12-09T08:28:54-05:00,23.8,69,359
2024-12-09T08:29:57-05:00,23.8,70,382
2024-12-10T05:55:26-05:00,23,77,415
2024-12-10T05:56:28-05:00,23,77,402
2024-12-10T05:57:30-05:00,23,76,416
2024-12-10T05:58:32-05:00,23.4,75,401
2024-12-10T05:59:34-05:00,23.4,75,412
2024-12-10T06:00:36-05:00,23.4,74,415
2024-12-10T06:02:44-05:00,23.4,74,415
2024-12-10T06:03:46-05:00,23.4,74,417
2024-12-10T06:04:51-05:00,23.4,75,412
2024-12-10T06:08:08-05:00,23.8,74,406
2024-12-10T06:10:17-05:00,23.8,74,413
2024-12-10T06:12:26-05:00,23.8,73,397
2024-12-10T06:14:34-05:00,23.8,74,407
2024-12-10T06:16:42-05:00,23.8,74,397
2024-12-10T06:17:44-05:00,23.8,75,412
2024-12-10T06:19:59-05:00,23.8,75,402
2024-12-10T06:23:16-05:00,23.8,75,413
2024-12-10T06:26:29-05:00,23.8,75,407
2024-12-10T06:29:45-05:00,23.8,75,397
2024-12-10T06:30:47-05:00,23.8,74,408
2024-12-10T06:32:59-05:00,24.1,75,414
2024-12-10T06:34:01-05:00,24.1,75,413
2024-12-13T05:57:00-05:00,21,69,391
2024-12-13T05:58:03-05:00,21,69,399
2024-12-13T05:59:05-05:00,21,70,405
2024-12-13T06:00:07-05:00,21,70,412
2024-12-13T06:01:09-05:00,21,70,399
2024-12-13T06:02:11-05:00,21,69,402
2024-12-13T06:03:13-05:00,21,69,402
2024-12-13T06:04:15-05:00,21,69,418
2024-12-13T06:05:17-05:00,21,69,403
2024-12-13T06:06:19-05:00,21,69,408
2024-12-13T06:07:21-05:00,21,69,418
2024-12-13T06:08:23-05:00,21,68,408
2024-12-13T06:09:25-05:00,21,69,408
2024-12-13T06:10:27-05:00,21,69,431
2024-12-13T06:11:33-05:00,21,69,446
2024-12-13T06:12:49-05:00,21,68,428
2024-12-13T06:41:13-05:00,21,70,376
2024-12-13T06:42:15-05:00,21,70,374
2024-12-13T06:43:18-05:00,21,69,388
2024-12-13T06:44:20-05:00,21,69,387
2024-12-13T06:45:22-05:00,21.4,69,388
2024-12-13T06:46:24-05:00,21.4,69,382
2024-12-13T06:47:25-05:00,21.4,69,376
2024-12-13T06:48:27-05:00,21.4,67,385
2024-12-13T06:49:30-05:00,21.4,66,372
2024-12-13T06:50:32-05:00,21.4,66,388
2024-12-13T06:51:34-05:00,21.4,68,384
2024-12-13T06:52:36-05:00,21.4,68,380
2024-12-13T06:53:39-05:00,21.4,67,371
2024-12-13T06:54:41-05:00,21.4,66,383
2024-12-13T06:55:43-05:00,21.4,66,373
2024-12-13T06:56:45-05:00,21.4,66,395
2024-12-13T06:57:46-05:00,21.4,66,383
2024-12-13T06:58:49-05:00,21.4,67,390
2024-12-13T06:59:51-05:00,21.4,68,391
2024-12-13T07:00:53-05:00,21.4,68,376
2024-12-13T07:01:55-05:00,21.4,67,378
2024-12-13T07:02:59-05:00,21.4,66,377
2024-12-13T07:04:01-05:00,21.4,65,385
2024-12-13T07:05:03-05:00,21.4,64,395
2024-12-13T09:29:23-05:00,20.6,70,378
2024-12-13T09:30:28-05:00,20.6,70,414
2024-12-13T09:31:30-05:00,20.6,70,402
2024-12-13T09:32:32-05:00,20.6,70,418
2024-12-13T09:33:34-05:00,20.6,70,423
2024-12-13T09:34:36-05:00,20.6,70,418
2024-12-13T09:35:38-05:00,20.6,70,417
2024-12-13T09:36:40-05:00,20.6,70,420
2024-12-13T09:37:42-05:00,20.6,70,428
2024-12-13T09:38:44-05:00,21,69,412
2024-12-13T09:39:46-05:00,21,69,414
2024-12-13T09:40:48-05:00,21,69,431
2024-12-13T09:41:50-05:00,21,69,421
2024-12-13T09:42:52-05:00,21,68,414
2024-12-13T09:43:54-05:00,21,69,431
2024-12-13T09:44:56-05:00,20.6,70,420
2024-12-13T09:45:58-05:00,20.6,70,430
2024-12-13T09:47:06-05:00,20.6,70,429
2024-12-13T09:48:07-05:00,20.6,70,420
2024-12-13T09:49:09-05:00,20.6,70,414
2024-12-13T09:50:11-05:00,20.6,69,418
2024-12-13T09:51:14-05:00,20.6,70,421
2024-12-13T09:52:16-05:00,20.6,69,427
2024-12-13T09:53:18-05:00,20.6,69,424
2024-12-13T09:54:20-05:00,20.6,69,426
2024-12-13T09:55:23-05:00,20.6,69,437
2024-12-13T09:56:25-05:00,20.6,69,433
2024-12-13T09:57:27-05:00,20.6,69,433
2024-12-13T09:58:29-05:00,20.6,69,429
2024-12-13T09:59:31-05:00,20.6,69,434
2024-12-13T10:00:33-05:00,20.6,69,436
2024-12-13T10:01:35-05:00,20.6,69,428
2024-12-13T10:42:47-05:00,20.2,69,435
2024-12-13T10:43:49-05:00,20.2,69,446
2024-12-13T10:44:54-05:00,20.2,69,434
2024-12-13T10:45:56-05:00,20.2,69,438
2024-12-13T10:46:58-05:00,20.2,69,438
2024-12-13T10:48:00-05:00,20.6,69,434
2024-12-13T10:49:02-05:00,20.6,69,433
2024-12-13T10:50:05-05:00,20.6,69,433
2024-12-13T10:51:07-05:00,20.6,69,444
2024-12-13T10:52:11-05:00,20.6,69,434
2024-12-13T10:53:14-05:00,20.6,69,436
2024-12-13T10:54:16-05:00,20.6,69,433
2024-12-13T10:55:18-05:00,20.6,70,432
2024-12-13T10:56:20-05:00,20.6,70,403
2024-12-13T10:57:22-05:00,20.6,69,382
2024-12-13T21:52:45-05:00,18.2,70,303
2024-12-13T21:53:48-05:00,18.2,70,331
2024-12-13T21:54:50-05:00,18.2,70,291
2024-12-13T21:55:52-05:00,18.6,70,255
2024-12-13T21:56:54-05:00,19.6,71,233
2024-12-13T22:13:07-05:00,20.6,72,367
2024-12-13T22:14:09-05:00,21.6,73,378
2024-12-13T22:14:46-05:00,22.6,74,360
2024-12-14T02:06:17-05:00,19.4,68,391
2024-12-14T02:11:22-05:00,19.4,65,417
2024-12-14T02:12:24-05:00,19.4,65,411
2024-12-14T02:13:26-05:00,19.4,65,421
2024-12-14T02:14:28-05:00,19.8,65,404
2024-12-14T02:15:33-05:00,19.8,65,420
2024-12-14T02:16:35-05:00,19.8,64,368
2024-12-14T02:17:38-05:00,19.8,65,412
2024-12-14T02:18:40-05:00,19.8,65,407
2024-12-14T02:19:42-05:00,19.8,64,404
2024-12-14T02:20:44-05:00,19.8,65,402
2024-12-14T02:21:46-05:00,19.8,64,440
2024-12-14T02:22:48-05:00,20.2,64,414
2024-12-14T02:23:50-05:00,20.2,64,415
2024-12-14T02:24:52-05:00,20.2,63,411
2024-12-14T02:25:54-05:00,20.2,63,419
2024-12-14T02:26:56-05:00,20.2,64,400
2024-12-14T02:27:58-05:00,20.2,64,411
2024-12-14T02:29:00-05:00,20.2,63,405
2024-12-14T02:30:02-05:00,20.2,63,412
2024-12-14T02:31:05-05:00,20.2,63,415
2024-12-14T02:32:07-05:00,20.2,63,408
2024-12-14T02:33:09-05:00,20.2,63,418
2024-12-14T06:08:09-05:00,20.2,71,418
2024-12-14T06:09:13-05:00,20.2,71,419
2024-12-14T06:10:18-05:00,20.2,70,418
2024-12-14T06:11:22-05:00,20.2,70,420
2024-12-14T06:12:27-05:00,20.3,70,421
2024-12-14T06:13:30-05:00,20.6,71,417
2024-12-14T09:45:08-05:00,20.2,71,429
2024-12-14T09:46:10-05:00,20.2,71,434
2024-12-14T09:47:13-05:00,20.2,71,426
2024-12-14T09:48:15-05:00,20.2,71,433
2024-12-14T09:49:17-05:00,20.2,71,435
2024-12-14T09:50:19-05:00,20.2,71,417
2024-12-14T09:51:21-05:00,20.2,71,436
2024-12-14T09:52:24-05:00,20.6,71,429
2024-12-14T09:53:26-05:00,20.6,71,424
2024-12-14T09:54:28-05:00,20.6,71,424
2024-12-14T09:55:31-05:00,20.6,71,425
2024-12-14T09:56:33-05:00,20.6,71,418
2024-12-14T09:57:35-05:00,20.6,71,434
2024-12-14T09:58:37-05:00,20.6,71,428
2024-12-14T09:59:40-05:00,20.6,71,418
2024-12-14T10:00:42-05:00,20.6,71,419
2024-12-14T22:39:12-05:00,18.2,72,338
2024-12-14T22:40:14-05:00,18.2,72,334
2024-12-14T22:41:16-05:00,18.2,72,339
2024-12-14T22:42:18-05:00,18.2,71,355
2024-12-14T22:43:20-05:00,18.2,71,329
2024-12-14T22:44:22-05:00,18.2,70,339
2024-12-14T22:45:24-05:00,18.2,72,330
2024-12-14T22:46:26-05:00,18.3,71,360
2024-12-14T22:47:28-05:00,18.6,71,325
2024-12-14T22:48:30-05:00,18.6,70,339
2024-12-14T22:49:32-05:00,18.2,70,339
2024-12-14T22:50:34-05:00,18.2,70,350
2024-12-14T22:51:37-05:00,18.6,66,362
2024-12-14T22:52:39-05:00,18.6,70,326
2024-12-15T09:32:51-05:00,19.8,70,413
2024-12-15T09:33:56-05:00,19.8,70,406
2024-12-15T09:34:58-05:00,19.8,70,407
2024-12-15T09:36:00-05:00,19.8,70,400
2024-12-15T09:37:02-05:00,19.8,70,411
2024-12-15T09:38:04-05:00,20.2,70,412
2024-12-15T09:39:06-05:00,20.2,70,421
2024-12-15T09:40:09-05:00,20.2,70,403
2024-12-15T09:41:11-05:00,20.2,70,423
2024-12-15T09:42:13-05:00,20.2,70,423
2024-12-15T09:43:15-05:00,20.2,70,407
2024-12-15T09:44:17-05:00,20.2,70,413
2024-12-15T09:45:20-05:00,20.2,69,424
2024-12-15T09:46:25-05:00,20.2,69,419
2024-12-15T09:47:27-05:00,20.2,69,403
2024-12-15T09:48:29-05:00,20.2,69,407
2024-12-15T09:49:32-05:00,20.2,69,421
2024-12-15T09:50:34-05:00,20.2,69,424
2024-12-15T09:51:36-05:00,20.2,69,418
2024-12-15T09:52:38-05:00,20.2,69,465
2024-12-15T09:53:40-05:00,20.2,70,401
2024-12-15T09:54:45-05:00,20.2,69,407
2024-12-16T09:41:38-05:00,21.8,73,338
2024-12-16T09:42:40-05:00,21.8,73,345
2024-12-16T09:43:42-05:00,21.8,73,361
2024-12-16T09:44:44-05:00,21.8,73,340
2024-12-16T09:45:46-05:00,21.8,73,372
2024-12-16T09:46:48-05:00,21.8,73,338
2024-12-16T09:47:50-05:00,21.8,73,370
2024-12-16T09:48:52-05:00,22.2,73,352
2024-12-16T09:49:54-05:00,22.2,73,364
2024-12-16T09:50:56-05:00,22.2,73,339
2024-12-16T09:51:59-05:00,22.2,72,343
2024-12-16T09:53:02-05:00,22.2,73,325
2024-12-16T09:54:03-05:00,22.2,73,307
2024-12-16T09:55:07-05:00,22.2,73,283
2024-12-16T10:04:00-05:00,21.8,73,289
2024-12-16T10:05:02-05:00,22.8,74,232
2024-12-16T10:06:45-05:00,23.8,75,350
2024-12-16T10:07:46-05:00,24.8,76,250
2024-12-16T10:22:45-05:00,25.8,77,279
2024-12-18T13:50:53-05:00,26.8,78,395
2024-12-18T13:51:38-05:00,27.8,79,388
2024-12-18T13:52:39-05:00,28.8,80,391
2024-12-18T13:53:41-05:00,29.8,81,408
2024-12-18T13:54:43-05:00,30.8,82,397
2024-12-19T03:46:39-05:00,31.8,83,269
2024-12-19T07:42:41-05:00,22.6,73,406
2024-12-19T07:43:51-05:00,22.6,73,294
2024-12-19T07:44:51-05:00,22.6,73,403
2024-12-19T07:45:53-05:00,22.6,73,405
2024-12-19T07:46:56-05:00,22.6,73,401
2024-12-19T07:48:00-05:00,22.6,73,387
2024-12-19T07:49:01-05:00,22.6,73,407
2024-12-19T07:50:07-05:00,22.6,73,404
2024-12-19T07:51:11-05:00,22.7,72,397
2024-12-19T07:52:13-05:00,22.6,73,389
2024-12-19T07:53:15-05:00,22.7,73,412
2024-12-19T07:54:16-05:00,22.6,73,408
2024-12-19T07:55:18-05:00,22.6,73,339
2024-12-19T07:56:21-05:00,22.6,73,414
2024-12-19T07:57:23-05:00,22.7,72,403
2024-12-19T07:58:26-05:00,22.7,72,388
2024-12-19T07:59:28-05:00,22.6,72,399
2024-12-19T08:00:30-05:00,22.7,72,403
2024-12-19T21:07:27-05:00,20.6,78,400
2024-12-20T02:06:46-05:00,26.2,59,430
2024-12-20T02:07:48-05:00,26.2,59,267
2024-12-20T02:24:01-05:00,24.8,59,276
2024-12-20T02:25:03-05:00,24.8,59,263
2024-12-20T02:38:17-05:00,24.5,59,262
2024-12-20T02:49:59-05:00,25.3,58,272
2024-12-20T03:09:43-05:00,26.2,58,235
2024-12-20T03:10:45-05:00,26.2,58,253
2024-12-20T03:11:46-05:00,26.2,58,268
2024-12-20T09:17:55-05:00,22.2,73,423
2024-12-20T09:18:57-05:00,22.2,73,425
2024-12-20T09:20:04-05:00,22.3,74,433
2024-12-20T22:38:27-05:00,22.2,86,352
2024-12-20T22:39:32-05:00,22.2,87,371
2024-12-20T22:40:39-05:00,22.2,88,350
2024-12-20T22:41:43-05:00,22.2,86,359
2024-12-20T22:45:30-05:00,22.2,85,361
2024-12-20T22:46:10-05:00,22.2,85,367
2024-12-20T22:49:26-05:00,22.2,86,382
2024-12-20T22:50:31-05:00,22.6,86,362
2024-12-20T22:51:33-05:00,22.6,86,376
2024-12-20T22:52:36-05:00,22.6,85,356
2024-12-20T22:53:39-05:00,22.6,85,364
2024-12-20T22:54:41-05:00,22.6,85,381
2024-12-20T22:55:26-05:00,22.6,85,355
2024-12-20T22:56:28-05:00,22.6,85,348
2024-12-20T22:57:31-05:00,22.6,85,353
2024-12-20T22:58:57-05:00,22.6,85,352
2024-12-20T22:59:59-05:00,22.6,84,357
2024-12-20T23:02:08-05:00,22.6,84,355
2024-12-20T23:06:51-05:00,22.6,83,382
2024-12-20T23:11:07-05:00,23,82,376
2024-12-22T05:38:17-05:00,21.8,88,356
2024-12-22T05:39:19-05:00,21.8,88,357
2024-12-22T05:40:21-05:00,21.8,88,351
2024-12-22T05:41:23-05:00,22.2,88,353
2024-12-22T05:42:25-05:00,22.2,88,355
2024-12-22T05:43:27-05:00,22.2,89,358
2024-12-22T05:44:29-05:00,22.2,88,360
2024-12-22T05:45:31-05:00,22.2,87,380
2024-12-22T05:47:37-05:00,22.6,87,352
2024-12-22T05:48:39-05:00,22.6,88,374
2024-12-22T05:49:41-05:00,22.6,88,372
2024-12-22T05:50:37-05:00,22.6,87,361
2024-12-22T05:51:39-05:00,22.6,86,370
2024-12-22T05:52:40-05:00,22.6,86,365
2024-12-22T05:53:42-05:00,22.6,86,356
2024-12-22T05:54:44-05:00,22.6,86,359
2024-12-22T05:55:47-05:00,22.6,85,364
2024-12-22T05:56:48-05:00,22.6,85,362
2024-12-22T05:57:50-05:00,22.6,86,377
2024-12-22T05:58:52-05:00,22.6,86,378
2024-12-22T05:59:54-05:00,22.6,86,350
2024-12-22T06:00:56-05:00,22.6,86,352
2024-12-22T06:01:58-05:00,22.6,86,352
2024-12-22T06:02:59-05:00,22.6,85,352
2024-12-22T06:04:01-05:00,22.6,86,366
2024-12-22T06:05:06-05:00,22.6,86,375
2024-12-22T06:06:08-05:00,22.6,85,360
2024-12-22T06:07:10-05:00,22.6,82,355
2024-12-22T06:08:11-05:00,22.6,82,356
2024-12-22T06:09:13-05:00,22.6,84,368
2024-12-22T06:10:14-05:00,22.6,84,359
2024-12-22T06:11:16-05:00,22.6,85,367
2024-12-22T06:12:18-05:00,22.6,85,381
2024-12-22T06:13:20-05:00,22.6,85,374
2024-12-22T06:14:22-05:00,22.6,85,363
2024-12-22T06:15:23-05:00,22.6,85,351
2024-12-22T06:16:25-05:00,22.6,85,361
2024-12-22T06:17:27-05:00,22.6,85,353
2024-12-22T06:18:28-05:00,22.6,85,384
2024-12-22T06:19:30-05:00,22.6,85,401
2024-12-22T06:20:32-05:00,22.6,85,400
2024-12-22T06:21:34-05:00,22.6,85,401
2024-12-22T06:22:36-05:00,22.6,85,397
2024-12-22T06:23:38-05:00,22.6,84,397
2024-12-22T06:24:40-05:00,22.6,84,408
2024-12-22T06:25:42-05:00,22.6,85,407
2024-12-22T06:26:44-05:00,22.6,85,416
2024-12-22T06:27:45-05:00,22.6,84,409
2024-12-22T06:28:47-05:00,22.6,84,401
2024-12-22T06:29:49-05:00,22.6,84,418
2024-12-22T06:30:51-05:00,22.6,82,397
2024-12-22T06:31:54-05:00,22.6,84,418
2024-12-22T06:32:56-05:00,22.6,85,404
2024-12-23T13:02:13-05:00,21,75,411
2024-12-23T13:03:15-05:00,21,77,406
2024-12-23T13:04:17-05:00,21.1,77,414
2024-12-23T13:05:18-05:00,21.4,77,394
2024-12-23T13:06:21-05:00,21.4,76,407
2024-12-23T13:07:22-05:00,21.4,76,412
2024-12-23T13:08:24-05:00,21.4,76,397
2024-12-23T13:09:26-05:00,21.4,76,414
2024-12-23T13:10:28-05:00,21.4,76,397
2024-12-23T13:11:30-05:00,21.4,76,398
2024-12-23T13:12:32-05:00,21.4,76,352
2024-12-23T13:13:35-05:00,21.4,76,365
2024-12-23T13:14:37-05:00,21.4,75,381
2024-12-23T13:15:39-05:00,21.4,75,408
2024-12-23T13:16:41-05:00,21.4,76,397
2024-12-23T13:17:43-05:00,21.8,77,407
2024-12-23T13:18:45-05:00,21.8,77,412
2024-12-23T13:19:46-05:00,21.8,76,396
2024-12-23T13:20:48-05:00,21.8,75,401
2024-12-23T13:21:50-05:00,21.8,74,413
2024-12-23T13:22:52-05:00,21.8,74,397
2024-12-23T13:23:54-05:00,21.8,74,396
2024-12-23T13:24:56-05:00,21.8,74,397
2024-12-23T13:25:58-05:00,21.8,74,396
2024-12-23T13:27:00-05:00,21.8,74,398
2024-12-23T13:28:02-05:00,21.8,74,460
2024-12-23T13:29:04-05:00,21.8,74,397
2024-12-23T13:30:06-05:00,21.8,74,394
2024-12-23T13:31:07-05:00,21.8,75,400
2024-12-23T13:32:09-05:00,21.8,75,399
2024-12-23T13:33:11-05:00,21.8,74,401
2024-12-23T13:34:13-05:00,21.8,74,401
2024-12-23T13:35:17-05:00,21.8,74,415
2024-12-23T13:36:19-05:00,21.8,74,397
2024-12-23T13:37:21-05:00,21.8,75,393
2024-12-23T13:38:23-05:00,21.8,75,415
2024-12-23T13:39:25-05:00,21.8,74,395
2024-12-23T13:40:27-05:00,21.8,74,413
2024-12-23T13:41:29-05:00,21.8,74,398
2024-12-23T13:42:31-05:00,21.8,74,408
2024-12-23T13:43:33-05:00,21.8,74,398
2024-12-23T13:44:36-05:00,21.8,74,414
2024-12-23T13:45:39-05:00,21.8,74,406
2024-12-23T13:46:40-05:00,21.8,73,399
2024-12-23T13:47:42-05:00,22.2,73,403
2024-12-23T13:48:44-05:00,22.2,74,412
2024-12-23T13:49:46-05:00,21.8,74,411
2024-12-23T13:50:48-05:00,21.8,74,394
2024-12-23T13:51:50-05:00,21.8,74,398
2024-12-23T13:52:52-05:00,21.8,74,397
2024-12-23T13:53:54-05:00,21.8,74,398
2024-12-23T13:54:56-05:00,21.8,74,407
2024-12-23T13:55:58-05:00,21.8,74,394
2024-12-23T13:57:00-05:00,21.8,74,399
2024-12-23T13:58:02-05:00,21.8,74,397
2024-12-23T13:59:04-05:00,22.2,74,395
2024-12-23T14:00:06-05:00,22.2,74,398
2024-12-23T14:01:08-05:00,22.2,74,403
2024-12-23T14:02:10-05:00,22.2,74,415
2024-12-23T14:03:12-05:00,22.2,74,401
2024-12-23T14:04:14-05:00,21.9,74,413
2024-12-24T12:30:51-05:00,22.6,72,327
2024-12-24T12:31:52-05:00,22.6,73,402
2024-12-24T12:32:55-05:00,22.6,73,385
2024-12-24T12:33:56-05:00,22.6,72,390
2024-12-24T12:34:58-05:00,22.6,72,402
2024-12-24T12:36:00-05:00,22.6,72,389
2024-12-24T12:37:01-05:00,22.6,72,389
2024-12-24T12:38:03-05:00,22.6,72,391
2024-12-24T12:39:05-05:00,22.6,72,388
2024-12-24T12:40:08-05:00,22.6,73,403
2024-12-24T12:41:11-05:00,22.6,73,391
2024-12-24T12:42:14-05:00,22.6,72,394
2024-12-24T12:43:17-05:00,22.6,73,391
2024-12-24T12:44:19-05:00,22.6,73,407
2024-12-24T12:45:21-05:00,22.6,73,397
2024-12-24T12:46:24-05:00,22.6,73,394
2024-12-24T12:47:26-05:00,22.6,73,408
2024-12-24T12:48:28-05:00,22.6,73,394
2024-12-24T12:49:29-05:00,22.6,73,400
2024-12-24T12:50:31-05:00,22.6,73,394
2024-12-24T12:51:33-05:00,22.6,73,385
2024-12-24T12:52:35-05:00,22.6,73,403
2024-12-24T12:53:37-05:00,22.6,73,392
2024-12-24T12:54:38-05:00,22.6,73,407
2024-12-24T13:35:26-05:00,23,74,401
2024-12-24T13:36:31-05:00,23,74,385
2024-12-24T13:37:33-05:00,23,74,403
2024-12-24T13:38:35-05:00,23,74,407
2024-12-24T13:39:37-05:00,23,73,402
2024-12-24T13:40:39-05:00,23,73,401
2024-12-24T13:41:41-05:00,23,73,390
2024-12-24T13:42:46-05:00,23,73,395
2024-12-24T13:43:48-05:00,23,73,411
2024-12-24T13:44:50-05:00,23,73,396
2024-12-24T13:45:52-05:00,23,73,407
2024-12-24T13:46:55-05:00,23,73,411
2024-12-24T13:47:57-05:00,22.7,73,394
2024-12-24T13:48:59-05:00,23,74,391
2024-12-24T13:50:01-05:00,23,74,389
2024-12-24T13:51:03-05:00,23,73,402
2024-12-24T13:52:05-05:00,22.6,73,412
2024-12-24T13:53:06-05:00,22.8,74,392
2024-12-24T13:54:09-05:00,23,74,400
2024-12-24T13:55:11-05:00,23,73,396
2024-12-24T13:56:13-05:00,22.6,73,403
2024-12-24T13:57:15-05:00,22.6,73,397
2024-12-24T13:58:17-05:00,23,76,391
2024-12-24T13:59:19-05:00,23,74,398
2024-12-24T14:00:21-05:00,23,73,411
2024-12-24T14:01:23-05:00,23,73,412
2024-12-24T14:02:25-05:00,23,73,411
2024-12-24T14:03:27-05:00,23,73,394
2024-12-24T14:04:29-05:00,23,73,411
2024-12-24T14:05:31-05:00,23,73,402
2024-12-24T14:06:33-05:00,23,73,389
2024-12-24T14:07:35-05:00,23,73,411
2024-12-24T14:08:37-05:00,23,73,392
2024-12-24T14:09:39-05:00,23,73,399
2024-12-24T14:10:41-05:00,23,73,411
2024-12-24T14:11:43-05:00,23,73,391
2024-12-24T14:12:45-05:00,23,73,396
2024-12-24T14:13:47-05:00,23,72,394
2024-12-24T14:14:50-05:00,23,72,392
2024-12-24T14:15:52-05:00,23,72,397
2024-12-24T14:16:54-05:00,23,73,406
2024-12-24T14:17:56-05:00,23.4,73,407
2024-12-24T14:18:58-05:00,23.4,73,390
2024-12-24T14:20:00-05:00,23.4,72,397
2024-12-24T14:21:02-05:00,23.4,72,394
2024-12-24T14:22:04-05:00,23.4,73,394
2024-12-24T14:23:06-05:00,23.4,73,407
2024-12-24T14:24:08-05:00,23.4,72,396
2024-12-24T14:24:49-05:00,23.4,72,399
2024-12-26T06:31:52-05:00,24.1,71,408
2024-12-26T06:32:54-05:00,24.1,72,398
2024-12-26T06:33:56-05:00,24.1,72,411
2024-12-26T06:34:58-05:00,24.5,72,407
2024-12-26T06:36:00-05:00,24.5,71,405
2024-12-26T06:37:02-05:00,24.6,71,400
2024-12-26T06:38:04-05:00,24.8,69,397
2024-12-26T06:39:06-05:00,24.8,70,393
2024-12-26T06:40:08-05:00,24.8,69,389
2024-12-26T06:41:10-05:00,24.8,69,394
2024-12-26T06:42:11-05:00,24.8,70,411
2024-12-26T06:43:13-05:00,24.8,70,406
2024-12-26T06:44:15-05:00,24.5,69,391
2024-12-26T06:45:17-05:00,24.5,69,402
2024-12-26T06:46:19-05:00,24.8,69,392
2024-12-26T06:47:21-05:00,24.8,70,412
2024-12-26T06:48:23-05:00,24.8,70,401
2024-12-26T06:49:25-05:00,24.8,69,411
2024-12-26T06:50:27-05:00,24.8,70,399
2024-12-26T06:51:29-05:00,24.8,70,396
2024-12-26T06:52:31-05:00,25.3,70,406
2024-12-26T06:53:32-05:00,25.3,70,391
2024-12-26T06:54:35-05:00,25.3,70,411
2024-12-26T06:55:36-05:00,25.3,69,390
2024-12-26T06:56:38-05:00,25.3,69,407
2024-12-26T06:57:40-05:00,25.3,69,390
2024-12-26T06:58:42-05:00,24.8,70,401
2024-12-26T06:59:44-05:00,24.8,70,394
2024-12-26T07:00:46-05:00,24.8,70,407
2024-12-26T07:01:47-05:00,24.8,71,391
2024-12-26T07:06:08-05:00,24.8,70,404
2024-12-26T07:07:10-05:00,24.8,70,403
2024-12-26T07:08:12-05:00,25.3,69,397
2024-12-26T07:09:14-05:00,25.3,69,412
2024-12-26T07:10:16-05:00,24.8,70,391
2024-12-26T07:11:18-05:00,24.8,69,394
2024-12-26T07:12:20-05:00,24.8,70,394
2024-12-26T07:13:22-05:00,24.8,69,408
2024-12-26T07:14:24-05:00,25.3,69,400
2024-12-26T07:15:26-05:00,25.3,69,400
2024-12-26T07:16:28-05:00,25.3,69,390
2024-12-26T07:17:30-05:00,25.3,69,394
2024-12-26T07:18:31-05:00,25.3,69,401
2024-12-26T07:21:43-05:00,25.8,69,394
2024-12-26T07:22:45-05:00,25.8,69,398
2024-12-26T07:23:47-05:00,25.3,69,401
2024-12-26T07:24:49-05:00,25.3,69,390
2024-12-26T07:25:51-05:00,25.3,69,393
2024-12-26T07:26:53-05:00,25.3,69,406
2024-12-26T07:27:55-05:00,25.8,69,395
2024-12-26T07:28:58-05:00,25.8,69,395
2024-12-26T07:30:00-05:00,25.3,69,391
2024-12-26T07:31:02-05:00,25.3,69,407
2024-12-26T07:32:04-05:00,25.3,69,395
2024-12-26T07:33:06-05:00,25.3,70,391
2024-12-26T07:34:08-05:00,25.3,69,394
2024-12-26T07:35:10-05:00,25.8,69,392
2024-12-26T07:36:12-05:00,25.8,69,395
2024-12-26T07:37:14-05:00,25.8,70,403
2024-12-26T07:38:15-05:00,25.8,69,394
2024-12-26T07:39:17-05:00,25.8,69,400
2024-12-26T07:40:19-05:00,25.3,69,394
2024-12-28T11:56:35-05:00,26.3,70,379
2024-12-28T11:57:03-05:00,27.3,71,345
2024-12-28T11:58:25-05:00,23,77,368
2024-12-28T11:59:27-05:00,23.4,77,356
2024-12-28T12:00:32-05:00,23.3,76,356
2024-12-28T12:01:34-05:00,23,75,356
2024-12-28T12:02:36-05:00,23,75,349
2024-12-28T12:03:41-05:00,23,75,370
2024-12-28T12:04:43-05:00,23,75,349
2024-12-28T12:05:45-05:00,23,75,374
2024-12-28T12:06:47-05:00,23,75,361
2024-12-28T12:07:49-05:00,23,75,350
2024-12-28T12:08:51-05:00,23,75,348
2024-12-28T12:09:57-05:00,22.7,75,374
2024-12-28T12:10:59-05:00,22.6,75,371
2024-12-28T12:12:01-05:00,23,76,352
2024-12-28T12:13:03-05:00,23,76,355
2024-12-28T12:14:05-05:00,23,75,352
2024-12-28T12:15:09-05:00,23,75,348
2024-12-28T12:16:11-05:00,23,75,344
2024-12-28T12:17:13-05:00,23,75,370
2024-12-28T12:18:15-05:00,23,75,355
2024-12-28T12:19:17-05:00,23,75,349
2024-12-28T12:20:19-05:00,23,75,355
2024-12-28T12:21:21-05:00,23,75,364
2024-12-28T12:22:24-05:00,23,75,347
2024-12-28T12:23:26-05:00,23,76,352
2024-12-28T12:24:28-05:00,23,76,367
2024-12-28T12:25:30-05:00,23,76,359
2024-12-28T12:26:32-05:00,23,75,345
2024-12-28T12:27:34-05:00,23,75,346
2024-12-28T12:28:36-05:00,23,76,354
2024-12-28T12:29:38-05:00,23,76,352
2024-12-28T12:30:40-05:00,23,76,352
2024-12-28T12:31:42-05:00,23,75,359
2024-12-28T12:32:44-05:00,23,75,365
2024-12-28T12:33:46-05:00,22.7,75,367
2024-12-28T12:34:48-05:00,23,75,350
2024-12-28T12:35:50-05:00,23,75,374
2024-12-28T12:36:52-05:00,23,75,365
2024-12-28T12:37:54-05:00,23,75,356
2024-12-28T12:38:56-05:00,23,75,399
2024-12-28T12:39:58-05:00,23,75,418
2024-12-28T12:41:00-05:00,23,76,414
2024-12-28T12:42:02-05:00,23,76,408
2024-12-28T12:43:04-05:00,23,76,420
2024-12-28T12:44:06-05:00,23,75,396
2024-12-28T12:45:08-05:00,23,77,408
2024-12-28T12:46:10-05:00,23,76,402
2024-12-28T12:47:12-05:00,23.4,77,396
2024-12-28T12:48:14-05:00,23.4,75,407
2024-12-28T12:49:16-05:00,23.4,75,393
2024-12-28T12:50:18-05:00,23.4,74,403
2024-12-28T12:51:20-05:00,23.4,74,398
2024-12-28T12:52:22-05:00,23.4,73,395
2024-12-28T12:53:24-05:00,23.4,74,406
2024-12-28T12:54:25-05:00,23.4,73,414
2024-12-28T12:55:27-05:00,23.4,75,407
2024-12-28T12:56:29-05:00,23.8,74,408
2024-12-28T12:57:30-05:00,23.8,74,401
2024-12-28T12:58:32-05:00,23.8,74,411
2024-12-28T12:59:34-05:00,23.8,74,393
2024-12-28T13:00:36-05:00,23.8,73,405
2024-12-28T13:01:38-05:00,23.8,73,418
2024-12-28T13:02:40-05:00,23.8,73,412
2024-12-28T13:03:41-05:00,24.1,73,399
2024-12-28T13:04:43-05:00,23.8,73,416
2024-12-28T13:05:45-05:00,23.8,73,419
2024-12-28T13:06:47-05:00,23.8,73,418
2024-12-28T13:07:49-05:00,23.8,73,403
2024-12-28T13:08:51-05:00,23.8,73,417
2024-12-28T13:09:53-05:00,23.8,73,413
2024-12-28T13:10:55-05:00,23.8,73,413
2024-12-28T13:11:57-05:00,23.8,73,402
2024-12-28T13:12:59-05:00,23.8,73,397
2024-12-28T13:14:01-05:00,23.8,73,393
2024-12-28T13:15:03-05:00,23.8,73,390
2024-12-28T13:16:05-05:00,24.1,73,407
2024-12-28T13:17:07-05:00,24.1,73,400
2024-12-28T13:18:09-05:00,24.1,73,412
2024-12-28T13:19:11-05:00,24.1,73,398
2024-12-28T13:20:13-05:00,23.8,73,394
2024-12-28T13:21:15-05:00,23.8,73,399
2024-12-28T13:22:17-05:00,23.8,73,411
2024-12-28T13:23:19-05:00,23.8,73,405
2024-12-28T13:25:30-05:00,23.8,73,398
2024-12-28T13:26:32-05:00,23.8,73,396
2024-12-28T13:27:34-05:00,23.8,73,408
2024-12-28T13:28:36-05:00,24,73,418
2024-12-28T13:29:38-05:00,24.1,73,397
2024-12-28T13:30:40-05:00,24.1,73,418
2024-12-28T13:31:42-05:00,24.1,73,396
2024-12-28T13:32:44-05:00,24.1,73,403
2024-12-28T13:33:46-05:00,24.1,73,409
2024-12-28T13:34:48-05:00,24.1,72,397
2024-12-28T13:35:50-05:00,24.1,72,400
2024-12-28T13:36:52-05:00,24.1,72,401
2024-12-28T13:37:54-05:00,24.1,72,412
2024-12-28T13:38:56-05:00,24.1,72,398
2024-12-28T13:40:01-05:00,24.1,72,405
2024-12-30T11:16:12-05:00,23.4,77,411
2024-12-30T11:17:13-05:00,23.4,77,393
2024-12-30T11:18:16-05:00,23.8,77,408
2024-12-30T11:19:21-05:00,23.8,77,397
2024-12-30T11:20:23-05:00,23.8,76,407
2024-12-30T11:21:25-05:00,23.8,76,403
2024-12-30T11:22:27-05:00,23.8,77,371
2024-12-30T11:23:29-05:00,24.1,76,345
2024-12-30T11:24:31-05:00,24.1,75,353
2024-12-30T11:25:33-05:00,24.1,75,366
2024-12-30T11:26:34-05:00,24.1,75,371
2024-12-30T11:27:36-05:00,24.1,75,376
2024-12-30T11:28:38-05:00,24.1,75,370
2024-12-30T11:29:40-05:00,24.1,74,352
2024-12-30T11:30:42-05:00,24.1,74,371
2024-12-30T11:31:44-05:00,24.1,74,358
2024-12-30T11:32:46-05:00,24.1,74,357
2024-12-30T11:33:48-05:00,24.1,74,347
2024-12-30T11:34:50-05:00,24.1,74,376
2024-12-30T11:35:52-05:00,24.1,74,344
2024-12-30T11:36:54-05:00,24.1,74,352
2024-12-30T11:37:56-05:00,24.1,74,364
2024-12-30T11:38:58-05:00,24.1,74,355
2024-12-30T11:40:00-05:00,24.1,74,366
2024-12-30T11:41:02-05:00,24.1,75,349
2024-12-30T11:42:04-05:00,24.1,75,359
2024-12-30T11:43:06-05:00,24.1,74,379
2024-12-30T11:44:08-05:00,24.1,74,370
2024-12-30T11:45:10-05:00,24.1,75,358
2024-12-30T11:46:12-05:00,24.1,75,360
2024-12-30T11:47:14-05:00,24.1,75,356
2024-12-30T11:48:16-05:00,24.1,74,359
2024-12-30T11:49:18-05:00,24.1,76,353
2024-12-30T11:50:20-05:00,24.1,76,362
2024-12-30T11:51:22-05:00,24.1,76,349
2024-12-30T11:52:24-05:00,24.1,76,361
2024-12-30T11:53:26-05:00,24.1,76,359
2024-12-30T11:54:28-05:00,24.1,75,358
2024-12-30T11:55:30-05:00,24.1,75,354
2024-12-30T11:56:32-05:00,24.1,74,366
2024-12-30T11:57:34-05:00,24.1,74,376
2024-12-30T11:58:36-05:00,24.1,74,350
2024-12-30T11:59:38-05:00,24.1,74,378
2024-12-30T12:00:40-05:00,24.1,74,352
2024-12-30T12:01:42-05:00,24.2,74,369
2024-12-30T12:02:44-05:00,24.5,74,374
2024-12-30T12:03:45-05:00,24.5,73,376
2024-12-30T12:04:48-05:00,24.5,73,348
2024-12-30T12:05:50-05:00,24.5,74,380
2024-12-30T12:06:51-05:00,24.1,73,376
2024-12-30T12:07:53-05:00,24.1,74,364
2024-12-30T12:08:55-05:00,24.1,74,378
2024-12-30T12:09:57-05:00,24.1,74,365
2024-12-30T12:10:59-05:00,24.1,73,352
2024-12-30T12:12:01-05:00,24.5,73,362
2024-12-30T12:13:03-05:00,24.2,73,379
2024-12-30T12:14:04-05:00,24.1,74,378
2024-12-30T12:15:06-05:00,24.1,75,375
2024-12-30T12:16:08-05:00,24.1,75,352
2024-12-30T12:17:10-05:00,24.1,76,346
2024-12-30T12:18:12-05:00,24.1,75,374
2024-12-30T12:19:14-05:00,24.1,75,344
2024-12-30T12:20:16-05:00,24.1,75,354
2024-12-30T12:21:18-05:00,24.1,75,378
2024-12-30T12:22:21-05:00,24.1,77,361
2024-12-30T12:23:22-05:00,24.5,77,353
2024-12-30T12:24:24-05:00,24.5,76,348
2024-12-30T12:25:25-05:00,24.1,75,378
2024-12-30T12:26:27-05:00,24.1,74,378
2024-12-30T12:27:29-05:00,24.2,75,344
2024-12-30T12:28:31-05:00,24.5,75,373
2024-12-30T12:29:33-05:00,24.5,76,378
2025-01-01T21:29:53-05:00,18.6,74,358
2025-01-01T21:30:55-05:00,18.6,74,344
2025-01-01T21:31:57-05:00,18.6,74,345
2025-01-01T21:32:59-05:00,18.6,73,357
2025-01-01T21:34:01-05:00,18.6,73,366
2025-01-01T21:35:03-05:00,18.6,73,361
2025-01-01T21:36:05-05:00,18.6,73,343
2025-01-01T21:37:06-05:00,18.6,73,352
2025-01-01T21:38:08-05:00,18.6,73,352
2025-01-01T21:39:11-05:00,18.6,73,344
2025-01-01T21:40:12-05:00,18.6,73,356
2025-01-01T21:41:14-05:00,18.6,73,350
2025-01-01T21:42:15-05:00,18.6,73,349
2025-01-01T21:43:17-05:00,18.6,73,354
2025-01-01T21:44:19-05:00,18.6,73,362
2025-01-01T21:45:20-05:00,18.6,73,344
2025-01-01T21:46:22-05:00,18.6,72,359
2025-01-01T21:47:24-05:00,18.6,72,375
2025-01-01T21:48:25-05:00,18.6,72,347
2025-01-01T21:49:27-05:00,18.6,72,352
2025-01-01T21:50:29-05:00,18.6,73,352
2025-01-01T21:51:31-05:00,18.6,73,358
2025-01-01T21:52:32-05:00,18.6,73,343
2025-01-01T21:53:34-05:00,19,73,347
2025-01-01T21:54:36-05:00,19,73,340
2025-01-01T21:55:38-05:00,18.8,73,375
2025-01-01T21:56:39-05:00,19,73,359
2025-01-03T09:37:27-05:00,19.8,84,383
2025-01-03T09:38:29-05:00,19.8,86,378
2025-01-03T09:39:31-05:00,19.8,86,362
2025-01-03T09:40:32-05:00,19.8,86,388
2025-01-03T09:41:34-05:00,19.8,85,382
2025-01-03T09:42:36-05:00,20.2,85,378
2025-01-03T09:43:37-05:00,20.2,84,380
2025-01-03T09:44:39-05:00,20.2,84,369
2025-01-03T09:45:41-05:00,20.2,84,391
2025-01-03T09:46:43-05:00,20.2,85,366
2025-01-03T09:47:44-05:00,20.2,83,392
2025-01-03T09:48:46-05:00,20.2,82,364
2025-01-03T09:49:48-05:00,20.2,82,400
2025-01-03T09:50:50-05:00,20.2,82,403
2025-01-03T09:51:52-05:00,20.2,82,408
2025-01-03T09:52:54-05:00,20.2,82,419
2025-01-03T09:53:55-05:00,20.2,82,405
2025-01-03T09:54:58-05:00,20.2,82,422
2025-01-03T09:55:59-05:00,20.2,82,420
2025-01-03T09:57:02-05:00,20.2,81,416
2025-01-03T09:58:03-05:00,20.2,81,423
2025-01-03T09:59:05-05:00,20.2,81,403
2025-01-03T10:00:07-05:00,20.2,81,406
2025-01-03T10:01:09-05:00,20.2,81,399
2025-01-03T10:02:11-05:00,20.2,81,422
2025-01-03T10:03:13-05:00,20.2,81,361
2025-01-03T10:04:15-05:00,20.2,80,365
2025-01-03T10:05:16-05:00,20.2,80,360
2025-01-03T10:06:18-05:00,20.2,80,364
2025-01-03T10:07:19-05:00,20.2,81,389
2025-01-03T10:08:21-05:00,20.2,80,360
2025-01-03T10:09:23-05:00,20.2,80,377
2025-01-03T10:10:25-05:00,20.2,81,371
2025-01-03T10:11:27-05:00,20.2,81,374
2025-01-03T10:12:28-05:00,20.2,81,365
2025-01-03T10:13:30-05:00,20.2,81,378
2025-01-03T10:14:32-05:00,20.2,81,366
2025-01-03T10:15:33-05:00,20.2,81,365
2025-01-03T10:16:35-05:00,20.2,81,381
2025-01-03T10:17:37-05:00,20.2,81,391
2025-01-03T10:18:38-05:00,20.2,81,384
2025-01-03T10:19:40-05:00,20.2,82,369
2025-01-03T10:20:42-05:00,20.2,82,376
2025-01-03T10:21:44-05:00,20.2,81,381
2025-01-03T10:22:45-05:00,20.2,81,370
2025-01-03T10:23:47-05:00,20.3,82,368
2025-01-03T10:24:49-05:00,20.6,82,362
2025-01-03T10:25:51-05:00,20.6,82,379
2025-01-03T10:26:53-05:00,20.6,82,362
2025-01-03T10:27:55-05:00,20.6,82,366
2025-01-03T10:28:56-05:00,20.6,82,411
2025-01-03T10:29:58-05:00,20.6,82,403
2025-01-03T10:31:00-05:00,20.6,82,415
2025-01-03T10:32:02-05:00,20.6,81,407
2025-01-03T10:33:03-05:00,20.6,80,403
2025-01-03T10:34:05-05:00,20.6,80,401
2025-01-03T10:35:07-05:00,20.6,80,414
2025-01-03T10:36:09-05:00,20.6,80,364
2025-01-03T10:37:11-05:00,20.6,80,384
2025-01-03T10:38:12-05:00,20.6,80,390
2025-01-03T10:39:15-05:00,20.2,80,366
2025-01-03T10:40:16-05:00,20.6,80,378
2025-01-03T10:41:18-05:00,20.6,80,367
2025-01-03T10:42:20-05:00,20.6,79,389
2025-01-03T10:43:22-05:00,20.6,79,367
2025-01-03T10:44:24-05:00,20.6,79,386
2025-01-03T10:45:25-05:00,20.2,79,379
2025-01-03T10:46:27-05:00,20.2,79,361
2025-01-03T10:47:29-05:00,20.2,80,390
2025-01-03T10:48:31-05:00,20.2,80,361
2025-01-03T10:49:32-05:00,20.2,80,373
2025-01-03T10:50:34-05:00,20.2,80,361
2025-01-03T10:51:36-05:00,20.2,80,360
2025-01-03T10:52:37-05:00,20.2,80,359
2025-01-03T10:53:39-05:00,20.2,80,389
2025-01-03T10:54:41-05:00,20.2,79,384
2025-01-03T10:55:42-05:00,20.2,79,370
2025-01-03T10:56:45-05:00,20.2,80,388
2025-01-03T10:57:47-05:00,20.6,79,374
2025-01-03T10:58:49-05:00,20.2,79,366
2025-01-03T10:59:50-05:00,20.2,80,365
2025-01-03T11:00:52-05:00,20.2,80,390
2025-01-03T11:01:54-05:00,20.2,80,363
2025-01-03T11:02:55-05:00,20.2,80,370
2025-01-03T11:03:57-05:00,20.2,79,374
2025-01-03T11:04:59-05:00,20.2,79,378
2025-01-03T11:06:01-05:00,20.2,79,380
2025-01-03T11:07:03-05:00,20.2,79,364
2025-01-03T11:08:05-05:00,20.2,79,376
2025-01-03T11:09:07-05:00,20.2,80,385
2025-01-03T11:10:09-05:00,20.6,80,366
2025-01-15T07:54:36-05:00,21.8,70,413
2025-01-15T07:55:40-05:00,21.8,71,433
2025-01-15T07:56:42-05:00,21.8,71,423
2025-01-15T07:57:44-05:00,21.8,71,423
2025-01-15T07:58:46-05:00,21.8,71,420
2025-01-15T07:59:48-05:00,21.8,71,411
2025-01-15T08:00:50-05:00,21.8,71,430
2025-01-15T08:01:52-05:00,21.8,71,411
2025-01-15T08:02:54-05:00,21.8,71,424
2025-01-15T09:17:14-05:00,22.8,72,477
2025-01-15T09:17:56-05:00,23.8,73,412
2025-01-15T23:43:16-05:00,24.8,74,355
2025-01-15T23:43:33-05:00,25.8,75,337
2025-01-15T23:44:20-05:00,26.8,76,348
2025-01-15T23:45:08-05:00,27.8,77,343
2025-01-16T00:03:46-05:00,28.8,78,413
2025-01-16T00:04:48-05:00,29.8,79,417
2025-01-16T00:05:50-05:00,30.8,80,415
2025-01-16T00:06:52-05:00,31.8,81,423
2025-01-16T00:07:18-05:00,32.8,82,413
2025-01-16T00:10:38-05:00,33.8,83,391
2025-01-16T00:12:12-05:00,33.8,38,414
2025-01-16T00:13:14-05:00,33.2,37,414
2025-01-16T00:14:16-05:00,28.5,45,424
2025-01-16T00:15:20-05:00,25.8,53,306
2025-01-16T00:16:22-05:00,24.1,58,209
2025-01-16T00:17:23-05:00,23.8,62,174
2025-01-16T00:18:25-05:00,23,63,178
2025-01-16T00:19:27-05:00,23,63,173
2025-01-16T00:20:29-05:00,22.6,65,476
2025-01-16T04:57:17-05:00,20.6,80,421
2025-01-16T04:58:18-05:00,20.6,81,429
2025-01-16T04:59:20-05:00,21,81,412
2025-01-16T05:00:22-05:00,21,81,408
2025-01-16T05:01:24-05:00,21,81,56
2025-01-16T05:02:04-05:00,21.8,71,155
2025-01-16T05:03:06-05:00,21.8,70,500
2025-01-16T05:04:08-05:00,22.2,67,425
2025-01-16T05:05:10-05:00,22.3,69,423
2025-01-16T22:32:13-05:00,19.4,82,397
2025-01-16T22:33:14-05:00,19.4,82,161
2025-01-16T22:34:17-05:00,19.4,82,413
2025-01-16T22:35:19-05:00,19.4,80,416
2025-01-16T22:36:21-05:00,19.4,82,408
2025-01-16T22:37:25-05:00,19.4,82,411
2025-01-16T22:38:28-05:00,19.5,82,407
2025-01-16T22:39:29-05:00,19.8,82,453
2025-01-17T22:38:55-05:00,19.4,82,403
2025-01-17T22:39:57-05:00,19.4,82,409
2025-01-17T22:40:59-05:00,19.4,82,394
2025-01-17T22:42:01-05:00,19.4,82,408
2025-01-17T22:43:03-05:00,19.8,82,424
2025-01-17T22:44:05-05:00,19.8,82,428
2025-01-17T22:45:07-05:00,19.8,82,164
2025-01-17T22:46:08-05:00,20.2,79,172
2025-01-17T22:47:10-05:00,20.2,76,345
2025-01-19T09:03:19-05:00,21.4,73,390
2025-01-19T09:04:21-05:00,21.4,73,412
2025-01-19T09:05:23-05:00,21.4,73,389
2025-01-19T09:06:25-05:00,21.4,72,408
2025-01-19T09:07:27-05:00,21.4,72,411
2025-01-19T09:08:29-05:00,21.4,72,390
2025-01-19T09:09:31-05:00,21.4,71,400
2025-01-19T09:10:33-05:00,21.4,72,407
2025-01-19T09:11:36-05:00,21.8,72,394
2025-01-19T09:12:39-05:00,21.8,72,394
2025-01-19T09:13:43-05:00,21.8,72,412
2025-01-19T09:14:45-05:00,21.8,72,396
2025-01-19T09:15:47-05:00,21.8,72,396
2025-01-19T09:16:49-05:00,21.8,72,391
2025-01-19T09:17:51-05:00,21.8,71,389
2025-01-19T09:18:53-05:00,21.8,71,398
2025-01-19T09:19:56-05:00,21.8,71,390
2025-01-19T09:20:58-05:00,21.8,71,384
2025-01-19T09:22:00-05:00,21.8,71,397
2025-01-19T09:23:02-05:00,21.8,71,411
2025-01-19T09:24:06-05:00,22.8,69,500
2025-01-19T09:25:09-05:00,23.8,69,415
2025-01-20T12:29:05-05:00,24.8,70,414
2025-01-20T12:29:43-05:00,25.8,71,416
2025-01-21T01:30:47-05:00,26.8,72,265
2025-01-21T01:33:50-05:00,27.8,73,238
2025-01-21T01:39:44-05:00,28.8,74,236
2025-01-21T01:40:46-05:00,29.8,75,245
2025-01-21T02:08:22-05:00,30.8,76,184
2025-01-21T02:09:24-05:00,31.8,77,206
2025-01-21T02:10:26-05:00,32.8,78,184
2025-01-21T02:11:30-05:00,33.8,79,184
2025-01-21T02:12:32-05:00,34.8,80,188
2025-01-21T02:13:12-05:00,27.1,58,190
2025-01-21T02:14:14-05:00,27.1,57,190
2025-01-21T02:15:16-05:00,27.1,56,187
2025-01-21T09:40:23-05:00,22.2,70,429
2025-01-21T09:41:25-05:00,22.2,71,439
2025-01-21T09:42:27-05:00,22.2,73,427
2025-01-21T09:43:29-05:00,22.2,73,424
2025-01-21T09:44:31-05:00,22.2,73,423
2025-01-21T09:45:33-05:00,22.2,73,428
2025-01-21T09:46:35-05:00,22.2,73,420
2025-01-21T09:47:36-05:00,22.2,73,419
2025-01-21T09:48:38-05:00,22.2,73,420
2025-01-21T09:49:40-05:00,22.2,73,419
2025-01-21T09:50:41-05:00,22.2,74,425
2025-01-21T09:51:43-05:00,22.2,74,423
2025-01-21T09:52:45-05:00,22.2,73,423
2025-01-21T09:53:46-05:00,22.2,74,435
2025-01-21T09:54:48-05:00,22.6,74,425
2025-01-21T09:55:50-05:00,22.6,74,423
2025-01-21T09:56:52-05:00,22.6,74,428
2025-01-21T09:57:54-05:00,22.6,75,430
2025-01-21T09:58:55-05:00,22.6,74,421
2025-01-21T09:59:57-05:00,22.6,75,423
2025-01-21T10:00:59-05:00,22.6,74,426
2025-01-21T10:02:01-05:00,22.6,75,421
2025-01-21T10:03:03-05:00,22.6,75,420
2025-01-21T10:04:05-05:00,22.6,74,420
2025-01-21T10:05:06-05:00,22.6,74,427
2025-01-21T10:06:08-05:00,22.6,74,425
2025-01-21T10:07:10-05:00,22.6,74,419
2025-01-21T10:08:12-05:00,22.6,74,435
2025-01-21T10:09:14-05:00,22.6,74,425
2025-01-21T10:10:15-05:00,22.6,74,423
2025-01-21T10:11:17-05:00,22.6,74,430
2025-01-21T10:12:19-05:00,22.6,74,418
2025-01-21T10:13:21-05:00,22.6,74,418
2025-01-21T10:14:23-05:00,22.6,74,430
2025-01-21T10:15:25-05:00,22.6,74,430
2025-01-21T10:16:27-05:00,22.6,74,423
2025-01-21T10:17:29-05:00,22.6,74,420
2025-01-21T10:18:31-05:00,22.6,75,423
2025-01-21T10:19:33-05:00,22.6,75,420
2025-01-21T10:20:35-05:00,22.6,75,419
2025-01-21T10:21:37-05:00,22.6,74,429
2025-01-21T10:22:39-05:00,22.6,75,423
2025-01-21T10:23:41-05:00,22.6,75,429
2025-01-21T10:24:43-05:00,22.6,75,424
2025-01-21T10:25:45-05:00,22.6,75,423
2025-01-21T10:26:47-05:00,22.6,75,435
2025-01-21T10:27:49-05:00,22.6,75,420
2025-01-21T10:28:51-05:00,22.6,74,427
2025-01-21T10:29:53-05:00,22.6,74,436
2025-01-21T10:30:55-05:00,22.6,73,421
2025-01-21T10:31:57-05:00,22.6,74,421
2025-01-21T10:32:59-05:00,22.6,74,421
2025-01-21T10:34:01-05:00,22.6,74,419
2025-01-21T10:35:03-05:00,22.6,74,420
2025-01-21T10:36:05-05:00,22.6,74,434
2025-01-21T10:37:07-05:00,22.6,74,435
2025-01-21T10:38:09-05:00,22.6,74,435
2025-01-21T10:39:11-05:00,22.6,74,424
2025-01-21T10:40:13-05:00,22.6,74,424
2025-01-21T10:41:15-05:00,22.6,75,432
2025-01-21T10:42:17-05:00,22.6,75,423
2025-01-21T10:43:19-05:00,22.6,75,426
2025-01-21T10:44:21-05:00,22.6,75,429
2025-01-21T10:45:22-05:00,22.6,75,419
2025-01-21T10:46:24-05:00,22.6,75,423
2025-01-21T10:47:25-05:00,22.6,74,432
2025-01-21T10:48:27-05:00,22.6,74,419
2025-01-23T19:09:10-05:00,23.6,75,464
2025-01-23T19:09:57-05:00,24.6,85,456
2025-01-23T19:11:00-05:00,21.4,86,500
2025-01-23T19:12:02-05:00,21.4,85,500
2025-01-23T19:13:05-05:00,21.4,82,500
2025-01-23T19:14:09-05:00,21,81,339
2025-01-23T19:15:13-05:00,21,81,337
2025-02-13T12:32:45-05:00,26.2,73,320
2025-02-13T12:33:48-05:00,26.7,73,307
2025-02-13T12:34:50-05:00,26.7,74,335
2025-02-13T12:35:52-05:00,26.7,73,305
2025-02-13T12:36:55-05:00,26.7,72,300
2025-02-13T12:37:57-05:00,26.7,72,336
2025-02-13T12:38:59-05:00,26.7,71,317
2025-02-13T12:40:01-05:00,26.7,72,338
2025-02-13T12:41:03-05:00,26.7,72,335
2025-02-13T12:42:05-05:00,26.7,71,315
2025-02-18T21:02:10-05:00,27.1,84,310
2025-02-18T21:02:29-05:00,27.1,85,323
2025-02-18T21:02:50-05:00,28.1,86,366
2025-02-18T21:03:33-05:00,29.1,87,282
2025-02-18T21:05:10-05:00,30.1,88,418
2025-02-18T21:05:54-05:00,31.1,89,421
2025-02-18T21:07:38-05:00,28.5,93,397
2025-02-18T21:08:40-05:00,28.5,91,434
2025-02-18T21:09:43-05:00,28,84,359
2025-02-18T21:10:45-05:00,28,81,330
2025-02-18T21:11:47-05:00,27.6,83,485
2025-02-18T21:12:49-05:00,27.6,84,307
2025-02-18T21:13:51-05:00,27.6,84,301
2025-02-18T21:14:53-05:00,27.6,84,292
2025-02-18T21:15:54-05:00,27.6,84,320
2025-02-18T21:16:48-05:00,27.6,84,417
2025-02-18T21:17:50-05:00,28,83,425
2025-02-18T21:18:51-05:00,27.6,81,400
2025-02-18T21:19:53-05:00,27.6,81,436
2025-02-18T21:20:55-05:00,27.6,81,408
2025-02-18T21:21:57-05:00,28,80,403
2025-02-18T21:22:58-05:00,28,80,401
2025-02-18T21:24:00-05:00,28,80,410
2025-02-18T21:25:05-05:00,28,80,396
2025-02-20T01:34:05-05:00,29,81,338
2025-02-20T01:34:48-05:00,26.7,82,417
2025-02-20T01:35:06-05:00,26.7,82,350
2025-02-20T01:36:08-05:00,26.7,82,306
2025-02-20T01:37:10-05:00,26.2,79,350
2025-02-24T21:33:45-05:00,27.2,80,401
2025-02-24T21:34:17-05:00,24.8,75,419
2025-02-24T21:35:20-05:00,24.8,75,443
2025-02-24T21:36:23-05:00,25.3,75,457
2025-02-24T21:37:26-05:00,25.3,75,447
2025-02-24T21:38:30-05:00,25.3,74,433
2025-02-24T21:39:32-05:00,25.3,74,427
2025-02-24T21:40:35-05:00,25.3,73,437
2025-02-24T21:41:39-05:00,25.3,73,425
2025-02-24T21:42:41-05:00,25.3,73,427
2025-02-24T21:43:43-05:00,25.3,73,429
2025-02-24T21:44:45-05:00,25.3,74,425
2025-02-24T21:45:47-05:00,25.3,74,436
2025-02-24T21:46:49-05:00,25.8,73,426
2025-02-24T21:47:55-05:00,25.8,74,428
2025-02-24T21:48:57-05:00,25.8,74,436
2025-02-24T21:49:59-05:00,25.8,74,430
2025-02-24T21:51:05-05:00,25.8,74,432
2025-02-24T21:52:11-05:00,25.8,73,424
2025-02-24T21:53:12-05:00,25.8,74,428
2025-02-24T21:54:15-05:00,25.8,73,428
2025-02-24T21:55:17-05:00,25.8,73,429
2025-02-24T21:56:19-05:00,25.8,73,427
2025-02-24T21:57:20-05:00,25.8,73,481
2025-02-24T21:58:22-05:00,25.8,73,150
2025-02-24T21:59:24-05:00,25.8,70,190
2025-02-24T22:00:26-05:00,25.8,69,430
2025-02-26T00:12:04-05:00,26.8,70,403
2025-02-26T00:12:19-05:00,27.8,71,412
2025-02-26T00:13:11-05:00,25.3,74,389
2025-02-26T00:14:13-05:00,25.3,74,442
2025-02-26T00:15:15-05:00,25.3,73,415
2025-02-26T00:16:17-05:00,25.3,73,395
2025-02-26T00:17:19-05:00,25.8,73,405
2025-02-26T00:18:22-05:00,25.8,73,413
2025-02-26T00:19:24-05:00,25.8,73,407
2025-02-26T00:20:26-05:00,25.8,73,403
2025-02-26T00:21:28-05:00,25.8,73,414
2025-02-26T00:22:30-05:00,25.8,73,435
2025-02-26T00:23:32-05:00,25.8,73,403
2025-02-26T00:24:34-05:00,25.8,73,402
2025-02-26T00:25:37-05:00,25.8,73,414
2025-02-26T00:26:39-05:00,25.8,72,397
2025-02-26T00:27:41-05:00,25.8,73,406
2025-02-26T00:28:43-05:00,25.8,73,411
2025-02-26T00:29:45-05:00,25.8,73,402
2025-02-26T00:30:47-05:00,25.8,73,414
2025-02-26T00:31:49-05:00,25.8,73,403
2025-02-26T00:32:51-05:00,25.8,73,401
2025-02-26T00:33:53-05:00,25.8,73,413
2025-02-26T00:34:55-05:00,25.8,72,399
2025-02-26T00:35:57-05:00,25.8,72,396
2025-02-26T00:36:59-05:00,25.8,72,239
2025-02-26T00:37:50-05:00,26.2,66,442
2025-02-26T00:38:55-05:00,26.2,68,392
2025-02-26T00:39:57-05:00,26.2,70,450
2025-02-26T00:40:59-05:00,26.2,71,128
2025-02-26T00:42:01-05:00,26.2,66,462
2025-02-26T00:42:34-05:00,27.1,66,456
2025-02-26T00:43:22-05:00,28.1,67,397
2025-02-26T00:43:39-05:00,29.1,68,414
2025-02-26T00:44:15-05:00,27.1,69,417
2025-02-26T00:45:17-05:00,27.1,69,418
2025-02-26T00:46:19-05:00,26.7,69,440
2025-02-26T00:47:21-05:00,26.7,70,388
2025-02-26T00:48:23-05:00,27.7,71,311
2025-02-26T00:49:01-05:00,28.7,72,311
2025-02-26T00:52:23-05:00,26.7,70,422
2025-02-26T00:53:00-05:00,26.7,70,355
2025-02-26T00:54:02-05:00,26.7,69,155
2025-02-27T04:58:37-05:00,27.6,70,298
2025-02-27T04:59:39-05:00,27.6,70,500
2025-02-27T05:00:41-05:00,27.6,69,500
2025-02-27T05:01:43-05:00,27.6,69,500
2025-02-27T05:02:45-05:00,27.6,69,500
2025-02-27T05:03:47-05:00,27.6,69,500
2025-02-27T05:04:49-05:00,28,68,500
2025-02-27T05:05:51-05:00,28,67,500
2025-02-27T05:06:53-05:00,28,67,500
2025-02-27T05:07:55-05:00,28,67,500
2025-02-27T05:08:57-05:00,28,67,500
2025-02-27T05:09:59-05:00,28,66,500
2025-02-27T05:11:01-05:00,28,66,500
2025-02-27T05:12:03-05:00,28,67,500
2025-02-27T05:13:05-05:00,28,67,500
2025-02-27T05:14:07-05:00,28,67,500
2025-02-27T05:15:09-05:00,28,67,500
2025-02-27T05:16:11-05:00,28,67,500
2025-02-27T05:17:13-05:00,28,67,500
2025-02-27T05:18:15-05:00,28,67,500
2025-02-27T05:19:17-05:00,28,67,500
2025-02-27T05:20:20-05:00,28,67,500
2025-02-27T05:21:22-05:00,28.4,67,500
2025-02-27T05:22:24-05:00,28.5,66,500
2025-02-27T05:23:26-05:00,28.5,66,500
2025-02-27T05:24:28-05:00,28.5,66,500
2025-02-27T05:25:31-05:00,28.5,66,500
2025-02-27T05:26:33-05:00,28.5,66,500
2025-02-27T05:27:35-05:00,28.5,66,500
2025-02-27T05:28:37-05:00,28.5,66,324
2025-03-01T01:31:11-05:00,28,78,302
2025-03-01T01:32:12-05:00,28,78,324
2025-03-01T01:33:14-05:00,28,78,306
2025-03-01T01:34:17-05:00,28,78,318
2025-03-01T01:35:19-05:00,28,77,347
2025-03-01T01:36:21-05:00,28,77,337
2025-03-01T01:37:23-05:00,28,76,315
2025-03-01T01:38:25-05:00,28.5,76,307
2025-03-01T01:39:27-05:00,28.5,76,332
2025-03-01T01:40:29-05:00,28.5,76,329
2025-03-01T01:41:31-05:00,28.5,76,306
2025-03-01T01:42:33-05:00,28.5,76,301
2025-03-01T01:43:35-05:00,28.5,75,305
2025-03-01T01:44:38-05:00,28.5,75,315
2025-03-04T02:59:11-05:00,29.4,52,304
2025-03-04T03:00:13-05:00,29.6,53,153
2025-03-04T03:01:15-05:00,29.8,46,155
2025-03-04T03:02:17-05:00,30.2,41,183
2025-03-07T03:16:40-05:00,26.2,58,296
2025-03-07T03:17:42-05:00,26.2,59,315
2025-03-07T03:18:44-05:00,26.4,51,303
2025-03-07T03:19:46-05:00,26.7,49,479
2025-03-07T03:20:48-05:00,26.7,49,297
2025-03-07T03:21:50-05:00,26.7,48,293
2025-03-07T03:22:52-05:00,26.7,48,300
2025-03-07T03:23:54-05:00,26.7,48,297
2025-03-07T03:24:56-05:00,27.1,48,313
2025-03-07T03:25:58-05:00,27.1,48,303
2025-03-07T03:27:00-05:00,27.1,48,302
2025-03-07T03:28:02-05:00,27.1,48,324
2025-03-07T03:29:04-05:00,27.1,48,330
2025-03-07T03:30:06-05:00,27.1,48,318
2025-03-07T03:31:08-05:00,27.1,48,301
2025-03-07T03:32:10-05:00,27.1,49,295
2025-03-07T03:33:12-05:00,27.1,49,311
2025-03-07T03:34:14-05:00,27.1,49,328
2025-03-07T03:35:16-05:00,27.6,49,317
2025-03-07T03:36:18-05:00,27.6,49,324
2025-03-07T03:37:20-05:00,27.6,49,304
2025-03-07T03:38:22-05:00,27.6,50,300
2025-03-07T03:39:24-05:00,27.6,48,303
2025-03-07T03:40:26-05:00,27.6,49,323
2025-03-07T03:41:28-05:00,27.6,49,295
2025-03-07T03:42:29-05:00,27.6,49,307
2025-03-07T03:43:31-05:00,27.6,49,302
2025-03-07T03:44:34-05:00,27.6,49,309
2025-03-07T03:45:36-05:00,27.6,49,294
2025-03-07T03:46:38-05:00,27.6,49,307
2025-03-07T03:47:40-05:00,27.6,49,296
2025-03-07T03:48:42-05:00,27.7,49,301
2025-03-07T03:49:44-05:00,28,49,298
2025-03-07T03:50:46-05:00,28,49,326
2025-03-07T03:51:48-05:00,28,49,315
2025-03-07T03:52:51-05:00,28,49,294
2025-03-07T03:53:53-05:00,28,49,317
2025-03-18T10:35:52-04:00,29,50,355
2025-03-18T10:36:22-04:00,30,51,347
2025-03-18T10:36:55-04:00,31,52,359
2025-03-18T10:38:37-04:00,32,53,393
2025-03-18T10:39:40-04:00,33,54,388
2025-03-18T10:40:42-04:00,34,55,390
2025-03-18T10:41:44-04:00,35,56,400
2025-03-18T10:42:46-04:00,36,57,398
2025-03-18T10:43:48-04:00,30,58,387
2025-03-18T10:44:50-04:00,31,59,399
2025-03-18T10:45:52-04:00,32,60,380
2025-03-18T10:46:32-04:00,33,61,376
2025-03-18T10:47:01-04:00,33.3,47,374
2025-03-18T10:48:04-04:00,33.3,48,397
2025-03-18T10:49:07-04:00,32.8,49,397
2025-03-18T10:51:16-04:00,32.8,49,389
2025-03-18T10:52:18-04:00,32.8,49,398
2025-03-18T10:53:20-04:00,32.8,49,386
2025-03-18T10:55:31-04:00,32.8,48,379
2025-03-18T10:56:33-04:00,32.8,48,396
2025-03-18T10:57:34-04:00,32.8,48,377
2025-03-18T10:58:36-04:00,32.8,49,381
2025-03-18T10:59:38-04:00,32.8,49,376
2025-03-18T11:00:40-04:00,32.8,49,379
2025-03-18T11:01:42-04:00,32.8,49,379
2025-03-18T11:02:44-04:00,32.8,49,385
2025-03-18T11:03:47-04:00,32.8,49,376
2025-03-18T11:04:49-04:00,33.3,48,375
2025-03-18T11:05:51-04:00,33.3,48,374
2025-03-18T11:10:09-04:00,33.3,49,376
2025-03-18T11:11:10-04:00,33.3,49,392
2025-03-18T11:12:12-04:00,33.3,48,400
2025-03-18T11:13:14-04:00,33.3,48,398
2025-03-18T11:14:16-04:00,33.3,47,400
2025-03-18T11:15:18-04:00,33.3,47,394
2025-03-18T11:16:20-04:00,33.3,48,378
2025-03-18T11:17:22-04:00,33.3,50,390
2025-03-18T11:18:25-04:00,33.3,48,360
2025-03-18T11:19:29-04:00,33.3,48,364
2025-03-18T11:20:31-04:00,33.3,48,362
2025-03-18T11:21:34-04:00,33.3,48,352
2025-03-18T11:22:37-04:00,33.3,48,347
2025-03-18T11:23:39-04:00,33.3,49,330
2025-03-18T11:24:41-04:00,33.3,48,350
2025-03-18T11:25:44-04:00,33.3,48,325
2025-03-18T11:26:47-04:00,33.3,48,359
2025-03-18T11:27:51-04:00,33.3,49,325
2025-03-18T11:28:55-04:00,33.3,49,326
2025-03-18T11:29:57-04:00,33.3,49,344
2025-03-18T11:31:00-04:00,33.3,49,350
2025-03-18T11:32:02-04:00,33.3,49,348
2025-03-18T11:33:04-04:00,33.3,49,336
2025-03-18T11:34:06-04:00,33.3,49,345
2025-03-18T11:35:08-04:00,33.3,49,348
2025-03-18T11:36:12-04:00,33.3,49,396
2025-03-18T11:37:14-04:00,33.3,49,334
2025-03-18T11:38:16-04:00,33.3,48,337
2025-03-18T11:40:26-04:00,33.3,49,355
2025-03-18T11:41:28-04:00,33.3,49,339
2025-03-18T11:42:31-04:00,33.3,49,335
2025-03-18T11:43:32-04:00,33.3,49,341
2025-03-18T11:44:34-04:00,33.3,49,360
2025-03-18T11:45:36-04:00,33.3,49,359
2025-03-18T11:46:38-04:00,33.3,49,368
2025-03-18T11:47:40-04:00,33.3,49,350
2025-03-18T11:48:43-04:00,33.3,49,354
2025-03-18T11:49:44-04:00,33.3,49,351
2025-03-18T11:50:46-04:00,33.3,49,359
2025-03-18T11:51:48-04:00,33.3,49,337
2025-03-18T11:52:50-04:00,33.3,49,350
2025-03-18T11:53:52-04:00,33.3,49,394
2025-03-18T11:54:54-04:00,33.3,49,392
2025-03-18T11:55:55-04:00,33.3,49,386
2025-03-18T11:56:57-04:00,33.3,49,380
2025-03-18T11:57:59-04:00,33.3,49,382
2025-03-18T11:59:01-04:00,33.3,49,403
2025-03-18T12:00:05-04:00,33.3,49,397
2025-03-18T12:01:07-04:00,33.3,49,384
2025-03-18T12:02:09-04:00,33.3,48,362
2025-03-18T12:03:11-04:00,33.3,49,366
2025-03-18T12:04:13-04:00,33.3,48,378
2025-03-18T12:05:14-04:00,33.3,48,367
2025-03-18T12:06:16-04:00,33.3,48,367
2025-03-18T12:07:18-04:00,33.3,48,362
2025-03-18T12:08:20-04:00,33.3,48,348
2025-03-18T12:09:22-04:00,33.3,48,352
2025-03-18T12:10:25-04:00,33.3,48,344
2025-03-18T12:11:31-04:00,33.3,48,335
2025-03-18T12:12:33-04:00,33.3,48,362
2025-03-18T12:13:35-04:00,33.3,48,340
2025-03-18T12:14:37-04:00,33.3,48,387
2025-03-18T12:15:39-04:00,33.3,48,383
2025-03-18T12:16:40-04:00,33.3,48,398
2025-03-18T12:17:42-04:00,33.3,48,385
2025-03-18T12:18:44-04:00,34.3,49,400
2025-03-18T12:19:46-04:00,33.3,48,406
2025-03-18T12:20:47-04:00,33.3,48,400
2025-03-18T12:21:50-04:00,33.3,48,396
2025-03-18T12:22:51-04:00,33.3,48,399
2025-03-18T12:23:53-04:00,33.3,48,396
2025-03-18T12:24:55-04:00,33.3,48,403
2025-03-18T12:25:57-04:00,33.3,48,391
2025-03-18T12:26:58-04:00,32.8,49,394
2025-03-18T12:28:00-04:00,32.8,49,396
2025-03-18T12:29:02-04:00,32.8,49,392
2025-03-18T12:30:05-04:00,32.8,49,393
2025-03-18T12:31:07-04:00,32.8,49,383
2025-03-18T12:32:10-04:00,32.8,49,403
2025-03-18T12:33:11-04:00,32.8,49,397
2025-03-18T12:34:13-04:00,32.8,49,397
2025-03-18T12:35:15-04:00,32.8,49,384
2025-03-18T12:36:17-04:00,32.8,49,384
2025-03-18T12:37:18-04:00,32.8,49,383
2025-03-18T12:38:20-04:00,32.8,49,391
2025-03-18T12:39:22-04:00,32.8,49,383
2025-03-18T12:40:24-04:00,32.8,49,381
2025-03-18T12:41:26-04:00,32.8,49,385
2025-03-18T12:42:28-04:00,32.8,49,388
2025-03-18T12:43:29-04:00,32.8,49,389
2025-03-18T12:44:32-04:00,33.2,48,385
2025-03-18T12:45:34-04:00,33.3,48,406
2025-03-18T12:46:38-04:00,33.3,48,389
2025-03-18T12:47:40-04:00,33.3,48,404
2025-03-18T12:48:42-04:00,33.3,48,401
2025-03-18T12:49:44-04:00,33.3,48,390
2025-03-18T12:50:46-04:00,33.3,48,388
2025-03-18T12:51:48-04:00,34.3,49,394
2025-03-18T12:52:52-04:00,35.3,50,383
2025-03-18T12:53:55-04:00,36.3,51,398
2025-03-18T12:54:59-04:00,37.3,52,392
2025-03-18T12:56:02-04:00,38.3,53,403
2025-03-18T12:57:04-04:00,39.3,54,382
2025-03-18T14:34:25-04:00,40.3,55,371
2025-03-18T14:35:23-04:00,30.5,56,374
2025-03-18T14:36:11-04:00,31.5,57,364
2025-03-18T14:37:12-04:00,32.5,58,379
2025-03-18T14:38:14-04:00,33.5,59,393
2025-03-18T14:38:44-04:00,34.5,60,390
2025-03-18T14:39:45-04:00,35.5,61,397
2025-03-18T14:40:47-04:00,36.5,62,389
2025-03-18T14:41:48-04:00,37.5,63,392
2025-03-18T14:49:03-04:00,33.8,57,390
2025-03-18T14:50:04-04:00,33.8,57,372
2025-03-18T14:51:06-04:00,33.3,56,370
2025-03-18T14:52:08-04:00,33.3,56,385
2025-03-18T14:53:10-04:00,33.3,56,365
2025-03-18T14:54:11-04:00,32.8,58,375
2025-03-18T14:55:13-04:00,32.8,58,378
2025-03-18T14:56:15-04:00,32.8,58,370
2025-03-18T14:57:17-04:00,32.8,58,376
2025-03-18T14:58:19-04:00,32.8,58,370
2025-03-18T14:59:20-04:00,32.8,58,370
2025-03-18T15:00:22-04:00,32.8,58,384
2025-03-18T15:01:24-04:00,32.8,58,371
2025-03-18T15:02:26-04:00,32.8,58,387
2025-03-18T15:03:28-04:00,32.8,58,368
2025-03-18T15:04:30-04:00,32.8,58,370
2025-03-18T15:05:32-04:00,32.8,58,390
2025-03-18T15:06:33-04:00,32.8,58,379
2025-03-18T15:07:35-04:00,32.8,58,384
2025-03-18T15:08:37-04:00,32.8,58,371
2025-03-18T15:09:39-04:00,32.8,58,390
2025-03-18T15:10:41-04:00,32.8,58,394
2025-03-18T15:11:43-04:00,32.8,58,385
2025-03-18T15:12:44-04:00,32.8,59,381
2025-03-18T15:13:46-04:00,32.8,58,391
2025-03-18T15:14:48-04:00,32.8,59,371
2025-03-18T15:15:50-04:00,32.8,59,378
2025-03-18T15:16:52-04:00,33.2,58,379
2025-03-18T15:17:53-04:00,33.3,57,394
2025-03-18T15:18:55-04:00,33.3,57,391
2025-03-18T15:19:57-04:00,33.3,57,390
2025-03-18T15:20:59-04:00,33.3,57,394
2025-03-18T15:22:00-04:00,33.3,57,374
2025-03-18T15:23:02-04:00,33.3,57,381
2025-03-18T15:24:04-04:00,33.3,57,385
2025-03-18T15:25:06-04:00,33.3,58,394
2025-03-18T15:26:08-04:00,33.3,58,378
2025-03-18T15:27:10-04:00,33.3,58,382
2025-03-18T15:28:11-04:00,33.3,58,382
2025-03-18T15:29:13-04:00,33.3,58,378
2025-03-18T15:30:15-04:00,33.3,58,394
2025-03-18T15:31:17-04:00,33.3,58,373
2025-03-18T15:32:19-04:00,33.3,58,381
2025-03-18T15:33:21-04:00,33.3,58,381
2025-03-18T15:34:22-04:00,33.3,59,387
2025-03-18T15:35:24-04:00,33.3,59,382
2025-03-18T15:44:32-04:00,33.3,59,371
2025-03-18T15:49:52-04:00,33.3,59,383
2025-03-18T15:52:01-04:00,33.3,59,392
2025-03-18T15:53:06-04:00,33.3,59,380
2025-03-18T15:55:17-04:00,33.3,59,378
2025-03-18T15:57:26-04:00,33.3,59,391
2025-03-18T15:58:27-04:00,33.3,59,385
2025-03-18T15:59:29-04:00,33.3,59,376
2025-03-18T16:00:31-04:00,33.3,59,380
2025-03-18T16:01:33-04:00,33.3,59,374
2025-03-18T16:02:35-04:00,33.3,59,376
2025-03-18T16:03:37-04:00,33.3,59,385
2025-03-18T16:04:38-04:00,33.3,59,385
2025-03-18T16:05:40-04:00,33.3,59,382
2025-03-18T16:06:45-04:00,33.3,59,376
2025-03-18T16:07:46-04:00,33.3,59,376
2025-03-18T16:08:48-04:00,33.3,59,372
2025-03-18T16:09:50-04:00,33.3,59,393
2025-03-18T16:10:52-04:00,33.3,59,379
2025-03-18T16:11:54-04:00,33.3,59,383
2025-03-18T16:12:56-04:00,33.3,59,389
2025-03-18T16:13:58-04:00,33.3,59,376
2025-03-18T16:15:00-04:00,33.3,59,390
2025-03-18T16:16:02-04:00,33.3,59,394
2025-03-18T16:17:04-04:00,33.3,59,394
2025-03-18T16:18:05-04:00,33.3,59,374
2025-03-18T16:19:07-04:00,33.3,59,371
2025-03-18T16:20:09-04:00,33.3,59,381
2025-03-18T16:21:10-04:00,33.3,59,376
2025-03-18T16:22:11-04:00,33.3,59,380
2025-03-18T16:23:13-04:00,33.3,59,392
2025-03-18T16:24:14-04:00,33.3,59,378
2025-03-18T16:25:15-04:00,33.3,59,372
2025-03-18T16:26:17-04:00,33.3,59,372
2025-03-18T16:27:18-04:00,33.3,59,374
2025-03-18T16:28:20-04:00,33.3,59,378
2025-03-18T16:29:21-04:00,33.3,60,382
2025-03-18T16:30:23-04:00,33.3,59,388
2025-03-18T16:31:24-04:00,33.3,60,393
2025-03-18T16:33:32-04:00,33.3,60,383
2025-03-18T16:34:34-04:00,33.3,60,398
2025-03-19T02:56:31-04:00,34.3,61,333
2025-03-19T02:56:52-04:00,35.3,62,326
2025-03-19T02:57:53-04:00,36.3,63,350
2025-03-19T02:59:07-04:00,37.3,64,325
2025-03-19T02:59:54-04:00,38.3,65,364
2025-03-19T03:00:55-04:00,39.3,66,369
2025-03-19T03:01:46-04:00,40.3,67,324
2025-03-19T03:02:47-04:00,41.3,68,141
2025-03-19T03:03:49-04:00,42.3,69,384
2025-03-19T03:04:51-04:00,43.3,70,130
2025-03-19T03:06:52-04:00,44.3,71,333
2025-03-19T03:08:11-04:00,33.3,66,398
2025-03-19T03:09:13-04:00,33.3,61,400
2025-03-19T03:10:15-04:00,32.8,57,411
2025-03-19T03:11:17-04:00,32.8,58,413
2025-03-19T03:12:19-04:00,32.3,58,408
2025-03-19T03:13:21-04:00,32.3,58,414
2025-03-19T03:14:23-04:00,32.3,58,397
2025-03-19T03:14:52-04:00,32.3,59,382
2025-03-19T03:15:54-04:00,32.3,59,365
2025-03-19T03:16:56-04:00,32.3,59,357
2025-03-19T03:17:58-04:00,32.3,59,361
2025-03-19T03:19:01-04:00,32.3,60,368
2025-03-19T03:20:02-04:00,31.8,61,354
2025-03-19T03:21:05-04:00,32.3,60,366
2025-03-19T03:22:07-04:00,32.3,60,353
2025-03-19T03:23:09-04:00,31.8,60,358
2025-03-19T03:24:11-04:00,31.8,61,371
2025-03-19T03:25:13-04:00,31.8,61,367
2025-03-19T03:26:15-04:00,31.8,62,366
2025-03-19T03:27:17-04:00,31.8,62,375
2025-03-19T03:28:19-04:00,31.9,62,367
2025-03-19T03:29:21-04:00,32.3,62,369
2025-03-19T03:30:23-04:00,32.3,62,366
2025-03-19T03:31:25-04:00,32.3,63,361
2025-03-19T03:32:27-04:00,32.3,64,355
2025-03-19T03:33:29-04:00,32.3,64,375
2025-03-19T03:34:31-04:00,32.3,65,365
2025-03-20T22:49:24-04:00,29.3,62,321
2025-03-20T22:50:25-04:00,29.3,63,401
2025-03-20T22:51:27-04:00,29.3,63,401
2025-03-20T22:52:29-04:00,29.8,63,389
2025-03-20T22:53:31-04:00,29.8,62,389
2025-03-20T22:54:33-04:00,29.3,63,375
2025-03-20T22:55:35-04:00,29.3,63,376
2025-03-20T22:56:37-04:00,29.3,63,380
2025-03-20T22:57:39-04:00,29.3,63,389
2025-03-20T22:58:41-04:00,29.3,64,388
2025-03-20T22:59:43-04:00,29.3,63,376
2025-03-20T23:00:45-04:00,29.3,63,372
2025-03-20T23:01:47-04:00,29.3,63,389
2025-03-20T23:02:49-04:00,29.3,62,384
2025-03-20T23:03:51-04:00,29.3,63,378
2025-03-20T23:04:54-04:00,29.3,63,371
2025-03-20T23:05:56-04:00,29.3,63,401
2025-03-20T23:06:58-04:00,29.3,63,376
2025-03-20T23:08:00-04:00,29.3,63,377
2025-03-20T23:09:02-04:00,29.3,63,374
2025-03-20T23:10:08-04:00,29.3,63,389
2025-03-20T23:11:10-04:00,29.3,63,388
2025-03-20T23:12:12-04:00,29.3,63,370
2025-03-20T23:13:14-04:00,29.3,63,380
2025-03-20T23:14:40-04:00,29.8,65,317
2025-03-21T13:07:46-04:00,28.9,60,305
2025-03-21T13:08:26-04:00,28.9,60,338
2025-03-21T13:09:28-04:00,28.9,61,323
2025-03-21T13:10:30-04:00,28.9,60,350
2025-03-21T13:11:32-04:00,28.9,60,316
2025-03-21T13:12:34-04:00,28.9,60,348
2025-03-21T13:13:18-04:00,29.3,60,340
2025-03-21T13:14:20-04:00,29.3,59,324
2025-03-21T13:15:22-04:00,29.3,59,321
2025-03-21T13:16:24-04:00,29.3,59,320
2025-03-21T13:17:26-04:00,29.3,59,348
2025-03-21T13:18:29-04:00,29.3,60,330
2025-03-21T13:19:31-04:00,29.3,59,323
2025-03-21T13:20:33-04:00,29.3,59,352
2025-03-21T13:22:43-04:00,29.3,59,319
2025-03-21T13:27:12-04:00,29.3,58,333
2025-03-21T13:28:15-04:00,29.3,58,320
2025-03-21T13:29:17-04:00,29.3,58,329
2025-03-21T13:30:20-04:00,29.3,58,356
2025-03-21T13:31:22-04:00,29.3,58,320
2025-03-21T13:32:24-04:00,29.3,59,352
2025-03-21T13:33:28-04:00,29.3,58,354
2025-03-21T13:34:35-04:00,29.3,58,353
2025-03-21T13:35:40-04:00,29.3,58,322
2025-03-21T13:36:43-04:00,29.3,58,325
2025-03-21T13:37:46-04:00,29.3,58,319
2025-03-21T13:38:53-04:00,29.3,58,340
2025-03-21T13:39:56-04:00,29.3,58,340
2025-03-21T13:40:59-04:00,29.3,59,348
2025-03-21T13:42:02-04:00,29.3,59,353
2025-03-21T13:43:05-04:00,29.3,59,334
2025-03-21T13:44:07-04:00,29.3,59,353
2025-03-21T13:45:11-04:00,29.3,59,325
2025-03-21T13:46:14-04:00,29.3,59,343
2025-03-21T13:49:32-04:00,29.3,61,345
2025-03-21T13:50:43-04:00,29.3,60,325
2025-03-21T13:51:47-04:00,29.3,60,327
2025-03-21T13:53:59-04:00,29.3,60,332
2025-03-21T13:56:10-04:00,29.3,60,339
2025-03-21T13:57:13-04:00,29.3,60,379
2025-03-21T13:58:18-04:00,29.3,60,373
2025-03-21T13:59:21-04:00,29.3,60,389
2025-03-21T14:00:26-04:00,29.3,60,384
2025-03-21T14:02:34-04:00,29.8,59,391
2025-03-21T14:03:40-04:00,29.8,60,382
2025-03-21T14:04:43-04:00,29.8,60,384
2025-03-21T14:06:14-04:00,29.8,60,376
2025-03-21T14:08:05-04:00,29.8,60,382
2025-03-21T14:09:17-04:00,29.8,60,391
2025-03-21T14:13:53-04:00,29.8,61,370
2025-03-21T14:15:53-04:00,29.8,60,378
2025-03-21T14:16:58-04:00,29.8,60,384
2025-03-21T14:19:16-04:00,29.8,60,380
2025-03-21T14:22:34-04:00,29.8,60,386
2025-03-21T14:23:37-04:00,29.8,60,383
2025-03-21T14:24:44-04:00,29.8,59,374
2025-03-21T14:25:47-04:00,29.8,59,370
2025-03-21T14:27:58-04:00,29.8,59,371
2025-03-21T14:29:03-04:00,29.8,59,376
2025-03-21T14:31:15-04:00,29.8,60,365
2025-03-21T14:32:18-04:00,29.8,60,374
2025-03-21T14:36:52-04:00,29.8,60,369
2025-03-21T14:37:59-04:00,29.8,60,369
2025-03-21T23:19:25-04:00,27.1,71,383
2025-03-21T23:20:27-04:00,27.1,71,476
2025-03-21T23:21:30-04:00,27.1,70,319
2025-03-21T23:22:32-04:00,26.7,69,237
2025-03-21T23:23:35-04:00,26.7,69,216
2025-03-21T23:24:36-04:00,27.7,70,190
2025-03-21T23:57:35-04:00,28.7,71,391
2025-03-21T23:58:37-04:00,29.7,72,330
2025-03-27T05:42:49-04:00,30.7,73,398
2025-03-27T05:43:08-04:00,31.7,74,343
2025-03-27T05:54:33-04:00,34.2,54,356
2025-03-27T05:55:34-04:00,34.2,55,361
2025-04-02T02:27:46-04:00,35.2,56,325
2025-04-02T02:28:19-04:00,36.2,57,335
2025-04-02T02:29:20-04:00,37.2,58,353
2025-04-02T02:29:43-04:00,38.2,59,354
2025-04-02T02:30:55-04:00,39.2,60,315
2025-04-04T12:21:05-04:00,33.8,68,348
2025-04-04T12:22:23-04:00,33.8,68,335
2025-04-04T12:23:24-04:00,33.8,67,363
2025-04-04T12:24:26-04:00,33.9,67,358
2025-04-04T12:25:28-04:00,34.2,67,346
2025-04-04T12:26:30-04:00,34.2,67,338
2025-04-04T12:27:32-04:00,34.2,67,343
2025-04-04T12:28:33-04:00,34.2,66,354
2025-04-04T12:29:35-04:00,34.2,66,330
2025-04-04T12:31:25-04:00,34.2,66,331
2025-04-04T12:32:34-04:00,34.2,66,324
2025-04-04T12:33:36-04:00,34.2,66,348
2025-04-04T12:34:37-04:00,34.2,66,338
2025-04-04T12:35:46-04:00,34.2,66,347
2025-04-04T12:36:46-04:00,34.2,66,324
2025-04-04T12:40:16-04:00,34.2,66,324
2025-04-04T12:41:44-04:00,34.2,66,249
2025-04-04T12:42:47-04:00,34.2,66,278
2025-04-04T12:43:51-04:00,34.2,66,255
2025-04-04T12:45:09-04:00,35.2,67,266
2025-04-04T12:47:27-04:00,34.2,66,298
2025-04-04T12:48:29-04:00,34.2,66,296
2025-04-04T12:49:40-04:00,34.2,66,296
2025-04-04T12:54:30-04:00,34.2,66,283
2025-04-04T12:55:31-04:00,34.2,66,269
2025-04-04T12:56:33-04:00,34.2,66,276
2025-04-04T12:57:35-04:00,34.2,65,271
2025-04-04T12:58:29-04:00,34.2,65,282
2025-04-05T12:17:27-04:00,35.2,62,383
2025-04-05T12:18:28-04:00,35.2,62,372
2025-04-05T12:19:30-04:00,35.2,62,364
2025-04-05T12:20:33-04:00,35.2,62,375
2025-04-05T12:21:38-04:00,35.2,62,227
2025-04-05T13:47:17-04:00,36.2,63,220
2025-04-05T13:48:10-04:00,35.6,64,224
2025-04-05T13:50:55-04:00,35.6,66,367
2025-04-05T13:51:57-04:00,35.6,65,357
2025-04-05T13:53:30-04:00,35.6,65,283
2025-04-05T13:54:31-04:00,35.6,65,272
2025-04-12T03:19:59-04:00,36.6,66,105
2025-04-12T03:21:01-04:00,37.6,67,178
2025-04-12T03:22:04-04:00,38.6,68,174
2025-04-12T03:23:05-04:00,39.6,69,172
2025-04-12T03:24:07-04:00,40.6,70,146
2025-04-12T06:09:19-04:00,41.6,71,143
2025-04-14T11:47:18-04:00,42.6,72,134
2025-04-14T16:00:46-04:00,32.8,58,145
2025-04-14T16:01:48-04:00,32.8,59,196
2025-04-14T16:02:50-04:00,32.8,57,196
2025-04-14T16:03:51-04:00,32.8,57,198
2025-04-14T16:04:53-04:00,32.8,57,199
2025-04-14T16:05:55-04:00,33.3,56,196
2025-04-19T11:36:18-04:00,34.3,57,166
2025-04-19T11:37:00-04:00,35.3,58,174
2025-04-19T11:38:00-04:00,36.3,59,187
2025-04-19T11:40:14-04:00,37.3,60,169
2025-04-19T11:41:07-04:00,38.3,61,178
2025-04-19T11:42:47-04:00,35.6,73,138
2025-04-19T11:43:49-04:00,35.6,73,188
2025-04-19T11:44:51-04:00,34.7,71,187
2025-04-19T11:45:53-04:00,34.2,74,185
2025-04-19T11:46:55-04:00,33.8,75,183
2025-04-19T11:47:57-04:00,33.3,76,180
2025-04-19T11:48:59-04:00,33.3,77,182
2025-04-19T11:49:35-04:00,33.3,80,174
2025-04-22T22:53:07-04:00,nan,nan,189
2025-04-22T22:54:02-04:00,35.2,78,176
2025-04-22T22:55:09-04:00,35.6,77,200
2025-04-22T22:56:11-04:00,35.2,77,201
2025-04-22T22:57:14-04:00,34.7,78,194
2025-04-22T22:58:17-04:00,34.7,78,191
2025-04-22T22:59:20-04:00,34.7,78,191
2025-04-22T23:00:23-04:00,34.7,78,190
2025-04-22T23:01:25-04:00,34.7,78,189
2025-04-22T23:04:39-04:00,34.7,78,188
2025-04-22T23:05:41-04:00,34.7,78,190
2025-04-22T23:06:43-04:00,34.7,78,186
2025-04-22T23:07:45-04:00,34.7,78,187
2025-04-23T00:08:57-04:00,34.7,78,186
2025-04-23T00:10:01-04:00,34.7,78,196
2025-04-23T00:11:03-04:00,34.7,78,195
2025-04-23T00:12:05-04:00,34.7,78,193
2025-04-23T00:13:07-04:00,35.2,77,192
2025-04-23T00:14:09-04:00,35.2,76,192
2025-04-23T00:15:16-04:00,35.2,76,190
2025-04-23T00:16:19-04:00,35.2,76,193
2025-04-23T00:17:22-04:00,35.2,76,192
2025-04-23T00:18:25-04:00,35.2,76,199
2025-04-23T00:19:28-04:00,35.2,76,216
2025-04-23T00:20:30-04:00,35.2,76,225
2025-04-23T00:21:35-04:00,35.2,76,223
2025-04-23T01:33:45-04:00,36.2,77,188
2025-04-23T01:34:07-04:00,37.2,78,177
2025-04-23T05:35:01-04:00,38.2,79,189
2025-04-23T05:36:12-04:00,38.5,54,162
2025-04-23T05:37:14-04:00,38.5,54,137
2025-04-23T05:38:17-04:00,38.5,54,129
2025-04-23T05:39:18-04:00,38.6,55,130
2025-04-23T05:40:20-04:00,39,54,129
2025-04-23T05:41:25-04:00,39,54,130
2025-04-23T05:42:27-04:00,39,54,126
2025-04-23T05:43:29-04:00,39,54,131
2025-04-23T05:44:31-04:00,39,54,133
2025-04-23T05:45:33-04:00,39,53,130
2025-04-23T05:46:35-04:00,39,45,126
2025-04-23T05:47:37-04:00,39.2,50,125
2025-04-23T05:48:39-04:00,39.5,50,126
2025-04-23T05:49:40-04:00,39.5,49,126
2025-04-23T05:50:42-04:00,39.5,49,124
2025-04-23T05:51:44-04:00,39.5,49,124
2025-04-23T05:52:48-04:00,39.5,49,123
2025-04-30T04:21:34-04:00,40.5,50,50
2025-04-30T04:23:15-04:00,28.9,83,49
2025-04-30T04:24:15-04:00,28.9,83,53
2025-04-30T04:25:17-04:00,28.9,80,57
2025-04-30T04:26:19-04:00,28.9,80,56
2025-04-30T04:27:20-04:00,28.9,80,56
2025-04-30T04:29:14-04:00,28.9,82,51
2025-04-30T04:30:16-04:00,28.9,82,60
2025-04-30T04:31:17-04:00,28.9,81,57
2025-04-30T04:32:19-04:00,28.7,80,57
2025-04-30T04:33:21-04:00,28.5,80,56
2025-04-30T04:34:23-04:00,28.5,80,55
2025-04-30T04:35:24-04:00,28.7,81,56
2025-04-30T04:36:26-04:00,28.9,81,56
2025-04-30T04:37:28-04:00,28.9,81,56
2025-04-30T04:38:30-04:00,28.9,81,56
2025-04-30T04:39:32-04:00,28.5,81,56
2025-04-30T04:40:33-04:00,28.5,80,56
2025-04-30T04:41:35-04:00,28.5,80,56
2025-04-30T04:42:36-04:00,28.5,80,56
2025-04-30T04:43:38-04:00,28.5,80,56
2025-04-30T04:44:40-04:00,28.5,80,56
2025-04-30T07:43:21-04:00,29.5,81,500
2025-05-15T08:38:27-04:00,35.6,61,77
2025-05-15T08:39:30-04:00,35.5,61,109
2025-05-15T08:40:33-04:00,35.4,61,81
2025-05-15T08:41:35-04:00,36.4,62,65
2025-05-16T15:58:23-04:00,34.2,77,99
2025-05-16T15:59:25-04:00,34.2,76,98
2025-05-16T16:00:27-04:00,34.2,76,94
2025-05-16T16:01:29-04:00,34.2,76,92
2025-05-16T16:02:30-04:00,34.2,76,87
2025-05-16T16:03:32-04:00,34.2,76,88
2025-05-16T16:04:35-04:00,34.2,76,87
2025-05-16T16:05:37-04:00,34.2,76,86
2025-05-16T16:06:39-04:00,34.2,76,84
2025-05-16T16:07:41-04:00,34.2,76,82
2025-05-16T16:08:54-04:00,34.2,76,79
2025-05-16T16:09:45-04:00,34.2,76,75
2025-05-16T16:10:47-04:00,34.2,76,80
2025-05-16T16:11:49-04:00,34.2,76,79
2025-05-16T16:12:51-04:00,34.2,76,79
2025-05-16T16:13:54-04:00,34.2,76,79
2025-05-16T16:14:55-04:00,34.2,76,79
2025-05-16T16:15:57-04:00,34.2,76,78
2025-05-16T16:16:59-04:00,34.2,76,78
2025-05-16T16:18:02-04:00,34.2,76,78
2025-05-16T16:19:04-04:00,34.2,76,78
2025-05-16T16:20:05-04:00,34.2,76,78
2025-05-16T16:21:07-04:00,34.2,76,77
2025-05-16T16:22:09-04:00,34.2,76,77
2025-05-16T16:23:11-04:00,34.2,76,75
2025-05-16T16:24:12-04:00,34.2,76,75
2025-05-16T16:25:15-04:00,34.2,76,77
2025-05-16T16:26:16-04:00,34.2,76,75
2025-05-17T09:10:19-04:00,35.6,59,77
2025-05-17T09:11:22-04:00,34.7,61,63
2025-05-17T09:12:25-04:00,34.2,64,55
2025-05-17T09:13:28-04:00,34.2,65,55
2025-05-17T09:14:31-04:00,34.2,66,46
2025-05-17T09:15:34-04:00,34.2,66,46
2025-05-17T09:16:37-04:00,34.2,66,38
2025-05-17T09:17:40-04:00,34.2,66,42
2025-05-17T09:18:43-04:00,34.2,66,40
2025-05-17T09:19:45-04:00,34.2,66,36
2025-05-17T09:20:48-04:00,34.2,66,39
2025-05-17T09:21:51-04:00,34.2,66,38
2025-05-17T09:22:54-04:00,34.2,66,36
2025-05-17T09:23:58-04:00,34.2,66,39
2025-05-17T09:25:00-04:00,34.2,66,35
2025-05-17T09:26:03-04:00,34.2,66,35
2025-05-17T09:27:06-04:00,34.2,66,33
2025-05-17T09:28:09-04:00,34.2,67,33
2025-05-17T09:29:12-04:00,33.8,67,30
2025-05-17T09:30:15-04:00,33.8,67,33
2025-05-17T09:31:18-04:00,33.8,67,33
2025-05-17T09:32:21-04:00,33.8,67,32
2025-05-17T09:33:24-04:00,33.8,67,33
2025-05-17T09:34:27-04:00,33.8,67,30
2025-05-17T10:16:52-04:00,33.8,68,19
2025-05-17T10:17:55-04:00,33.8,68,40
2025-05-17T10:19:00-04:00,33.8,68,37
2025-05-17T10:20:04-04:00,33.8,68,34
2025-05-17T10:21:07-04:00,33.8,68,34
2025-05-17T10:22:10-04:00,33.8,67,27
2025-05-17T10:23:13-04:00,33.8,67,33
2025-05-17T10:24:16-04:00,33.8,67,30
2025-05-17T10:25:18-04:00,33.8,67,33
2025-05-17T10:26:21-04:00,34,67,32
2025-05-17T10:27:24-04:00,34.2,66,32
2025-05-17T10:28:27-04:00,34.2,67,34
2025-05-17T10:29:30-04:00,34.2,67,32
2025-05-17T10:30:33-04:00,34.2,67,31
2025-05-17T10:31:36-04:00,34.2,67,27
2025-05-17T10:32:39-04:00,34.2,67,30
2025-05-17T10:38:39-04:00,33.8,68,18
2025-05-17T10:39:42-04:00,33.8,68,36
2025-05-17T10:40:45-04:00,33.8,68,35
2025-05-17T10:45:15-04:00,33.8,68,34
2025-05-17T15:11:26-04:00,32.3,73,58
2025-05-17T15:12:21-04:00,32.3,73,85
2025-05-17T15:13:24-04:00,32.3,73,78
2025-05-17T15:14:28-04:00,32.3,72,79
2025-05-17T15:15:32-04:00,32.3,72,74
2025-05-17T15:16:36-04:00,32.6,72,76
2025-05-17T15:17:40-04:00,32.8,72,74
2025-05-17T15:18:44-04:00,32.8,72,68
2025-05-17T15:19:48-04:00,32.8,71,71
2025-05-17T15:20:52-04:00,32.8,71,68
2025-05-17T15:22:31-04:00,33.8,72,69
2025-05-17T15:22:59-04:00,32.8,79,72
2025-05-17T15:28:43-04:00,32.8,73,20
2025-05-17T15:33:15-04:00,32.8,71,23
2025-05-17T15:33:57-04:00,32.8,71,44
2025-05-19T09:21:50-04:00,30.2,79,19
2025-05-19T09:22:51-04:00,30.2,79,79
2025-05-19T09:23:54-04:00,30.8,78,74
2025-05-19T09:24:58-04:00,30.8,79,64
2025-05-19T09:26:01-04:00,31.3,78,59
2025-05-19T09:26:42-04:00,31.3,78,55
2025-05-19T09:27:45-04:00,31.3,77,49
2025-05-19T09:28:48-04:00,31.3,76,46
2025-05-19T09:29:51-04:00,31.4,78,44
2025-05-19T09:30:54-04:00,31.8,77,41
2025-05-19T09:31:57-04:00,31.8,76,48
2025-05-19T09:33:00-04:00,31.8,76,35
2025-05-19T09:34:03-04:00,31.8,77,34
2025-05-19T09:34:40-04:00,31.8,76,35
2025-05-19T09:35:43-04:00,31.8,77,34
2025-05-19T10:23:30-04:00,30.2,81,10
2025-05-19T10:25:53-04:00,30.2,83,36
2025-05-19T10:26:56-04:00,30.2,83,34
2025-05-19T10:27:59-04:00,30.2,83,30
2025-05-19T10:29:02-04:00,30.2,84,31
2025-05-19T10:30:05-04:00,30.2,83,30
2025-05-19T10:31:08-04:00,30.2,83,26
2025-05-19T10:32:11-04:00,30.2,83,27
2025-05-19T10:33:14-04:00,30.2,84,27
2025-05-19T10:34:17-04:00,30.2,85,32
2025-05-19T10:35:20-04:00,30.1,86,26
2025-05-19T10:36:23-04:00,30.2,86,23
2025-05-19T10:37:26-04:00,30.2,86,24
2025-05-19T10:39:18-04:00,30.2,85,9
2025-05-19T10:40:21-04:00,30.2,86,28
2025-05-19T10:41:24-04:00,30.2,85,28
2025-05-19T10:42:26-04:00,30.2,85,27
2025-05-19T10:43:29-04:00,30.2,85,22
2025-05-19T10:57:24-04:00,30.8,83,10
2025-05-19T10:58:27-04:00,30.8,84,25
2025-05-19T10:59:30-04:00,30.8,82,24
2025-05-19T11:00:33-04:00,30.8,82,24
2025-05-19T11:01:36-04:00,30.8,83,23
2025-05-19T11:05:27-04:00,31.3,79,9
2025-05-19T11:06:06-04:00,31.3,80,26
2025-05-19T11:07:09-04:00,31.3,79,25
2025-05-19T11:08:15-04:00,31.3,79,24
2025-05-19T11:09:18-04:00,31.3,79,21
2025-05-19T12:24:03-04:00,31.3,80,32
2025-05-19T12:25:09-04:00,30.8,80,31
2025-05-19T12:26:12-04:00,30.8,83,27
2025-05-19T12:26:36-04:00,30.8,81,24
2025-05-19T12:37:06-04:00,29.7,88,9
2025-05-19T12:37:58-04:00,29.8,88,28
2025-05-19T12:39:01-04:00,29.3,88,29
2025-05-19T12:40:04-04:00,29.3,89,25
2025-05-19T12:44:04-04:00,29.8,89,10
2025-05-19T12:45:16-04:00,29.8,90,23
2025-05-19T12:46:22-04:00,29.8,88,25
2025-05-19T12:48:37-04:00,29.8,89,24
2025-05-19T13:01:27-04:00,30.8,86,10
2025-05-19T13:02:00-04:00,30.8,87,27
2025-05-19T13:03:19-04:00,30.3,87,16
2025-05-19T13:03:51-04:00,30.6,87,29
2025-05-19T13:04:54-04:00,30.2,86,27
2025-05-19T13:05:57-04:00,30.8,86,25
2025-05-19T13:06:59-04:00,30.8,85,25
2025-05-19T13:08:02-04:00,30.2,86,24
2025-05-19T13:09:05-04:00,30.2,87,22
2025-05-19T13:10:08-04:00,30.2,86,17
2025-05-19T13:11:11-04:00,30.2,87,20
2025-05-19T13:12:14-04:00,30.2,87,18
2025-05-19T13:13:28-04:00,29.8,88,22
2025-05-19T13:14:31-04:00,29.8,89,20
2025-05-19T13:26:04-04:00,30.2,87,10
2025-05-19T13:27:02-04:00,30.2,88,27
2025-05-19T13:28:04-04:00,30.2,87,28
2025-05-19T13:29:06-04:00,30.8,87,26
2025-05-19T13:30:07-04:00,30.8,86,26
2025-05-19T13:31:08-04:00,30.8,86,25
2025-05-19T13:32:10-04:00,30.8,85,24
2025-05-19T13:33:11-04:00,30.8,85,24
2025-05-19T13:34:12-04:00,30.8,85,23
2025-05-19T13:35:17-04:00,30.8,85,23
2025-05-19T13:36:21-04:00,30.8,84,25
2025-05-19T13:37:22-04:00,30.8,84,24
2025-05-19T13:38:25-04:00,30.8,85,23
2025-05-19T13:39:26-04:00,30.8,85,23
2025-05-19T13:40:27-04:00,30.8,85,21
2025-05-19T13:41:29-04:00,30.8,85,23
2025-05-19T13:42:30-04:00,30.8,85,23
2025-05-19T13:43:31-04:00,30.8,86,23
2025-05-19T13:44:35-04:00,30.8,86,21
2025-05-19T13:45:36-04:00,30.8,86,22
2025-05-19T13:46:37-04:00,30.8,86,22
2025-05-19T13:47:59-04:00,30.8,85,10
2025-05-19T13:49:02-04:00,30.8,85,11
2025-05-19T13:50:06-04:00,30.8,86,10
2025-05-19T13:51:07-04:00,30.8,85,10
2025-05-19T13:52:08-04:00,30.8,85,10
2025-05-19T13:53:09-04:00,30.8,85,10
2025-05-19T13:54:11-04:00,30.8,85,10
2025-05-19T13:55:14-04:00,31.3,85,11
2025-05-19T13:56:15-04:00,31.3,85,10
2025-05-19T13:57:17-04:00,31.3,85,10
2025-05-19T13:58:18-04:00,31.3,84,10
2025-05-19T13:59:19-04:00,31.3,84,10
2025-05-19T14:03:29-04:00,31.3,84,4
2025-05-19T14:04:18-04:00,31.3,85,24
2025-05-19T14:05:39-04:00,31.3,84,22
2025-05-19T14:07:00-04:00,31.3,86,22
2025-05-19T14:08:21-04:00,31.3,85,21
2025-05-19T14:09:43-04:00,31.3,84,23
2025-05-19T14:11:04-04:00,31.3,85,22
2025-05-19T14:12:25-04:00,31.3,85,21
2025-05-20T12:32:01-04:00,32.8,76,16
2025-05-20T12:33:22-04:00,32.8,76,62
2025-05-20T12:34:44-04:00,32.8,76,57
2025-05-20T12:36:07-04:00,32.8,76,56
2025-05-20T12:37:28-04:00,32.8,76,48
2025-05-20T12:38:49-04:00,32.8,76,36
2025-05-20T12:42:03-04:00,32.8,76,20
2025-05-20T12:43:24-04:00,32.8,76,50
2025-05-21T11:47:34-04:00,34.2,66,24
2025-05-21T11:48:56-04:00,34.2,66,72
2025-05-21T11:50:17-04:00,32.8,61,69
2025-05-21T11:51:38-04:00,32.3,69,58
2025-05-21T12:03:22-04:00,32.7,65,25
2025-05-21T12:04:43-04:00,32.8,65,63
2025-05-21T12:06:04-04:00,30.8,67,52
2025-05-21T12:07:26-04:00,30.8,69,53
2025-05-22T06:07:03-04:00,31.3,72,54
2025-05-22T06:08:24-04:00,31.4,73,79
2025-05-22T06:09:45-04:00,31.8,75,64
2025-05-22T06:11:06-04:00,32.3,71,58
2025-05-22T06:12:28-04:00,32.8,70,55
2025-05-22T06:13:49-04:00,32.8,70,38
2025-05-22T06:15:10-04:00,32.8,69,43
2025-05-22T09:09:13-04:00,31.8,75,14
2025-05-22T09:10:35-04:00,31.8,75,53
2025-05-22T09:11:56-04:00,31.8,75,44
2025-05-22T16:04:00-04:00,31.3,83,21
2025-05-22T16:05:21-04:00,31.3,83,60
2025-05-22T16:06:42-04:00,31.3,83,55
2025-05-22T16:08:03-04:00,31.3,83,48
2025-05-22T16:09:24-04:00,31.3,83,42
2025-05-22T16:10:45-04:00,31.3,82,43
2025-05-22T16:12:06-04:00,31.3,82,37
2025-05-22T16:13:27-04:00,31.3,82,39
2025-05-22T16:14:48-04:00,31.3,81,34
2025-05-22T16:16:09-04:00,31.3,81,22
2025-05-22T16:35:53-04:00,31.3,81,10
2025-05-22T16:37:14-04:00,31.3,81,43
2025-05-22T16:38:35-04:00,31.3,81,36
2025-05-22T16:39:56-04:00,31.3,81,32
2025-05-22T16:52:00-04:00,31.3,81,9
2025-05-22T16:53:22-04:00,31.3,81,37
2025-05-22T16:54:43-04:00,31.3,81,37
2025-05-22T17:06:34-04:00,31.3,81,8
2025-05-22T17:07:55-04:00,31.3,81,33
2025-05-22T17:09:17-04:00,31.3,81,32
2025-05-22T17:10:38-04:00,31.3,81,27
2025-05-22T17:11:59-04:00,31.3,81,24
2025-05-22T17:13:19-04:00,31.3,81,29
