pressure,altitude,dhthum,LDR value,rainValue,dhtTemp
1008.62531,28.16959,79,687,999,30.2
1008.61737,28.23564,77,688,404,29.8
1008.62201,28.19682,78,715,506,29.9
1008.61108,28.28807,80,708,585,30.8
1008.59741,28.40253,81,753,584,31.3
1008.58484,28.5074,82,758,566,32.3
1008.59003,28.46404,75,747,562,29.3
1008.58875,28.47513,76,754,564,28.9
1008.57733,28.57043,73,750,568,25.3
1008.57971,28.55026,74,692,578,22.9
1008.56232,28.69597,72,763,586,23
1008.5639,28.68287,71,702,595,23.4
1008.54663,28.82707,70,691,427,60.1
1008.52075,29.04338,69,705,510,23.8
1008.53204,28.94909,83,696,534,24.1
1008.52344,29.02069,84,721,590,24.5
1008.51331,29.1054,66,720,632,24.8
1008.48407,29.34996,11,729,615,24.2
1008.4422,29.69991,98,700,665,22.6
1008.43628,29.74933,68,732,702,23.7
1008.40369,30.02214,67,765,750,23.5
1008.39502,30.09425,65,709,785,21
1008.367,30.32874,64,752,801,21.4
1008.34564,30.50726,63,760,813,20.6
1008.34924,30.477,59,770,833,20.2
1008.34985,30.47196,58,718,852,18.2
1008.32843,30.65099,86,726,868,18.6
1008.26202,31.20624,87,739,871,19.4
1008.27045,31.13614,88,728,453,19.8
1008.23248,31.45337,85,759,694,20.3
1008.23279,31.45085,89,766,756,18.3
1008.22162,31.54415,38,764,830,21.8
1008.21075,31.63494,37,775,856,22.2
1008.18701,31.83365,45,782,874,22.7
1008.16656,32.00463,53,769,880,26.2
1008.14709,32.16755,62,768,895,22.3
1008.12872,32.32088,60,776,898,21.1
1008.11938,32.39906,57,742,885,21.9
1008.10596,32.51154,56,717,907,22.8
1008.06525,32.85151,93,714,924,24.6
1008.04498,33.021,91,741,932,25.8
1008.02704,33.17131,52,698,945,23.3
1008.0094,33.31861,46,751,952,24
1007.96381,33.69997,41,1024,960,19
1007.93976,33.90125,51,0,473,18.8
1007.90393,34.2009,49,5,476,33.8
1007.8764,34.43095,48,4,597,33.2
1007.86133,34.55707,50,10,773,28.5
1007.84265,34.71347,47,6,740,19.5
1007.82935,34.82446,61,45,832,27.6
1007.80951,34.99044,54,748,882,28
1007.76477,35.3648,55,793,896,27.1
1007.74341,35.54341,73.7,738,913,26.7
1007.70685,35.84917,67.61,745,914,28.4
1007.6864,36.02021,68.08,792,921,29.4
1007.6933,35.96269,67.17,735,926,29.6
1007.65845,36.25383,62.98,798,940,26.4
1007.64081,36.40167,62.64,794,951,27.7
1007.59717,36.76649,59.2,762,963,33.3
1007.56409,37.04353,60.31,797,805,32.8
1007.54749,37.1823,68.99,799,948,31.8
1007.52576,37.36396,65.34,725,968,31.9
1007.53674,37.27212,61.83,757,975,34.2
1007.52075,37.40585,65.74,756,987,33.9
1007.4986,37.59155,61.97,796,997,35.2
1007.47931,37.75253,59.85,761,1004,35.6
1007.46173,37.89989,65.81,788,1013,34.7
1007.42578,38.20068,69.58,801,1022,38.5
1007.39526,38.45604,75.61,780,1024,38.6
1007.39642,38.44595,75.79,774,682,39
1007.37622,38.61502,73.93,841,867,39.2
1007.35864,38.76239,74.3,835,879,39.5
1007.31189,39.15354,57.27,837,897,28.7
1007.26593,39.53814,46.36,842,942,35.5
1007.23273,39.81575,48.12,840,451,35.4
1007.22015,39.92125,47.86,860,941,34
1007.19843,40.10296,54.38,869,262,32.6
1007.18237,40.23723,51.18,831,807,31.4
1007.1358,40.62692,56.29,826,825,30.1
1007.12061,40.75413,62.94,847,843,29.7
1007.11725,40.78239,51.84,737,949,30.3
1007.07928,41.09992,69.23,787,956,30.6
1007.05725,41.28418,73.69,838,972,32.7
1007.01111,41.67037,60.43,836,988,31.07
1007.01208,41.66229,56.58,866,1003,31.04
1006.96295,42.07375,83.72,833,1009,31.01
1006.92584,42.38424,89.92,825,1014,30.99
1006.76154,43.75961,84.21,834,1017,30.95
1006.73767,43.95907,81.81,855,1018,30.93
1006.70349,44.24538,69.92,848,1021,30.94
1006.69562,44.31153,52.24,861,1020,31.03
1006.65967,44.6125,56.26,857,905,31.05
1006.64056,44.77207,54.94,829,810,31.06
1010.32983,13.93152,52.22,845,550,30.96
1010.35876,13.69035,64.82,846,558,30.92
1010.35846,13.69287,69.39,823,569,30.97
1010.38031,13.51061,63.57,859,625,30.98
1010.39227,13.41041,77.15,805,624,31.09
1010.38794,13.44666,67.14,813,622,31.1
1010.38721,13.45271,69.91,749,627,31.15
1010.37872,13.5237,66.33,722,640,31.16
1010.35687,13.70596,63.61,711,657,31.13
1010.3689,13.60576,72.03,786,689,31.14
1010.3855,13.46731,74.93,730,519,31.39
1010.39612,13.3787,73.55,865,582,31.34
1010.37036,13.59368,76.15,843,741,31.31
1010.36639,13.62641,73.11,868,748,31.24
1010.35205,13.74624,74.87,862,774,31.23
1010.34467,13.80817,76.2,849,806,30.82
1010.82892,9.76692,73.83,864,841,30.69
1010.81,9.92445,76.55,850,853,30.7
1010.823,9.81624,64.99,858,861,31.74
1010.83954,9.67784,74.36,824,878,31.73
1010.85919,9.51427,77.63,822,883,31.71
1010.87463,9.38543,81.54,821,886,31.72
1010.88336,9.31245,78.07,814,892,31.75
1010.89954,9.17758,78.02,723,901,31.76
1010.91205,9.0729,75.25,816,936,31.77
1010.9339,8.89072,64.41,820,943,31.79
1010.9342,8.8882,53.54,706,944,31.81
1010.95032,8.75383,61.87,828,916,31.82
1010.96906,8.59732,62.28,818,955,31.84
1010.97516,8.5465,64.51,811,962,31.87
1010.96997,8.58978,67.49,810,966,31.92
1010.96124,8.66275,70.72,853,973,31.93
1010.96857,8.60135,64.16,727,976,31.95
1010.96234,8.65369,72.16,734,980,31.97
1010.96167,8.65922,69.8,740,978,31.98
1010.97797,8.52335,73.2,733,981,32
1010.98608,8.45541,74.73,712,985,32.02
1011.01642,8.20229,78.37,773,993,32.03
1011.03406,8.05535,74.08,716,996,32.06
1011.03467,8.05032,72.45,789,1002,32.05
1011.0415,7.99295,69.72,800,1005,32.07
1011.05719,7.86212,71.36,674,1008,32.08
1011.05487,7.88174,73.51,680,1012,32.09
1011.02905,8.09712,72.96,668,1016,32.12
1011.03296,8.06441,71.85,746,1023,32.1
1011.00842,8.26922,66.67,807,708,32.04
1011.0094,8.26066,69.16,812,709,32.01
1010.9906,8.41767,71.89,744,710,31.96
1010.97974,8.50825,72.82,806,701,31.94
1010.9903,8.42019,72.23,713,749,31.91
1010.98138,8.49466,65.32,685,758,31.44
1010.99731,8.36181,69.17,686,753,31.36
1011.00537,8.29438,72.46,675,762,31.35
1011.04669,7.94967,69.29,736,696,31.33
1011.03705,8.03019,71.66,772,693,31.38
1011.04346,7.97685,61.26,879,706,31.37
1011.0647,7.79972,73.04,844,716,31.45
1011.06116,7.82891,69.24,867,722,31.46
1011.04846,7.93508,72.54,871,726,31.47
1011.04749,7.94313,69.45,873,703,31.48
1011.03534,8.04428,71.72,870,727,31.5
1011.04919,7.92904,72.35,808,764,31.51
1011.04108,7.99647,63.09,778,757,31.52
1011.03796,8.02264,67.03,676,770,31.54
1011.01221,8.23751,63.15,830,729,31.56
1011.0022,8.32105,70.62,802,735,31.57
1010.98718,8.44635,67.4,852,715,31.59
1010.9881,8.4388,65.4,832,730,31.61
1010.98132,8.49517,68.86,856,759,31.63
1010.99188,8.4071,69.67,819,763,31.64
1010.96765,8.6094,71.59,783,765,31.65
1010.97339,8.56109,78.76,781,776,31.66
1010.97266,8.56763,77.43,817,777,31.67
1010.99408,8.38848,80.7,881,769,31.68
1011.01233,8.23651,76.28,912,728,31.69
1010.99469,8.38345,75.31,876,746,31.78
1011.01141,8.24406,72.78,785,691,31.83
1011.05609,7.87117,71.61,784,720,31.85
1011.05658,7.86715,73.24,771,761,30.56
1011.07422,7.72021,72.48,854,751,30.58
1011.09595,7.53906,69.03,880,692,30.63
1011.11047,7.4178,71.94,877,754,30.65
1011.12811,7.27036,80.33,895,755,30.86
1011.13141,7.24319,76.21,885,41,31.12
1011.15161,7.07463,84.39,886,165,31.17
1011.16022,7.00268,81.05,888,31,31.22
1011.15735,7.02683,73.57,893,32,31.25
1011.14648,7.1174,77.13,890,147,31.27
1011.16248,6.98406,76.39,896,34,31.29
1011.15405,7.054,76.36,908,107,31.41
1011.17999,6.83764,72.6,892,804,31.53
1011.16327,6.97752,76.43,883,448,29.13
1011.15002,7.08771,80.19,618,272,29.09
1011.15747,7.02582,88.98,678,745,29.11
1011.15283,7.06457,78.43,596,788,29.14
1011.14771,7.10734,80.69,522,736,29.16
1011.15851,7.01677,88.73,475,787,29.17
1011.16528,6.96041,86.5,900,797,29.15
1011.17236,6.90154,84.12,889,796,29.12
1011.16034,7.00167,81.37,878,760,29.18
1011.1283,7.26886,81.83,684,798,29.2
1011.12781,7.27288,85.59,693,721,29.22
1011.14917,7.09476,83.6,663,766,29.21
1011.15796,7.0218,83.3,694,794,29.23
1011.15845,7.01727,86.85,667,747,29.25
1011.1543,7.05199,88.86,951,790,29.27
1011.18188,6.82204,86.51,701,800,29.29
1011.53632,3.86593,83.35,664,836,29.39
1011.52112,3.99269,90.71,627,840,26.46
1011.54407,3.80155,89.2,580,835,26.49
1011.54437,3.79903,88.99,591,865,26.5
1011.54541,3.78998,78.46,512,870,26.53
1011.53455,3.88052,80.09,569,849,26.55
1011.52533,3.95748,94.16,552,859,26.56
1011.52814,3.93434,90.13,601,784,26.58
1011.54718,3.77539,86.47,546,802,26.61
1011.53485,3.878,82.67,564,842,26.63
1011.55078,3.74521,73.4,541,838,26.65
1011.54596,3.78545,75.6,536,834,26.66
1011.52753,3.93937,78.29,555,828,26.67
1011.51257,4.06412,88.63,480,858,26.68
1011.51154,4.07267,92.81,517,829,26.69
1011.50531,4.12448,89.61,550,846,32.93
1011.50232,4.14963,94.48,777,837,32.89
1011.5047,4.12951,94.91,941,824,32.91
1011.47986,4.33676,96.01,795,823,32.83
1011.46857,4.43083,89.13,804,826,32.95
1011.44983,4.58727,86.69,809,845,32.61
1011.44366,4.63859,87.31,710,814,32.88
1011.4458,4.62098,87.24,703,744,32.9
1011.44135,4.6582,80.64,976,712,32.92
1011.44116,4.65971,83.12,428,786,32.71
1011.44708,4.60991,83.38,355,732,32.73
1011.43073,4.74674,81.21,364,844,32.74
1011.42487,4.79554,87.28,352,848,32.75
1011.42877,4.76284,90.29,974,869,33.79
1011.40607,4.95199,85.55,113,847,33.81
1011.40033,5.00028,88.47,316,855,34.01
1011.37671,5.19698,88.42,329,822,34.03
1011.36487,5.29559,88.31,927,821,34.04
1011.34186,5.48777,84.07,874,831,34.08
1011.32617,5.61857,86.02,336,816,34.14
1011.323,5.64523,83.45,351,820,33.55
1011.29187,5.90484,84.04,704,812,33.01
1011.27966,6.00646,92.66,543,811,32.79
1011.24921,6.26054,91.48,487,818,33.24
1011.25079,6.24746,90.63,482,817,33.11
1011.26001,6.17048,81.16,502,772,33.1
1011.2807,5.99791,80.68,379,717,33.05
1011.29687,5.86308,83.7,421,718,33.14
1011.29486,5.87968,82.93,377,738,33.02
1011.27325,6.05979,85.63,376,713,33.07
1011.26984,6.08847,85.43,384,739,33.19
1011.22321,6.47739,81.56,388,792,33.16
1011.20673,6.61475,83.24,389,793,33.13
1011.20953,6.5916,88.55,382,675,33.17
1011.22314,6.47789,79.54,884,680,33.33
1011.22778,6.43915,78.24,933,674,33.37
1011.22736,6.44267,78.84,689,725,33.44
1011.20667,6.61525,85.61,653,705,33.49
1011.16174,6.9901,86.53,624,685,33.52
1011.16296,6.98004,92.01,614,686,33.57
1011.1756,6.87437,83.89,649,684,33.58
1011.15326,7.06105,88.1,644,676,33.61
1011.14825,7.10231,92.24,636,688,33.62
1011.12585,7.28949,90.9,662,723,33.64
1011.1189,7.34735,79.18,578,768,33.63
1011.11438,7.38509,77.46,992,734,33.67
1011.12061,7.33326,84.14,629,724,33.68
1011.12231,7.31917,74.42,615,742,33.7
1011.11139,7.41025,77.45,598,778,33.69
1011.13892,7.1803,81.01,907,873,33.71
1011.14081,7.1647,77.82,913,775,34.37
1011.11768,7.35741,76.76,982,673,34.23
1011.117,7.36345,77.44,307,808,34.17
1011.09985,7.50636,82.76,904,864,34.09
1011.10626,7.45302,82.52,488,854,33.97
1011.13049,7.25074,79.97,917,862,33.96
1011.12518,7.29502,76.09,261,857,33.94
1011.12128,7.32773,72.17,944,783,33.95
1011.11389,7.38911,83.05,931,782,33.99
1011.11096,7.41377,85.24,898,780,34.02
1011.1214,7.32672,90.4,637,819,33.98
1011.12408,7.30408,87.38,634,881,33.93
1011.10803,7.43792,82.48,724,860,33.89
1011.12439,7.30156,80.4,317,876,33.85
1011.11938,7.34333,74.02,619,894,33.87
1011.10278,7.4817,72.69,665,884,33.92
1011.09186,7.57278,74.53,652,893,33.91
1011.09875,7.51541,72.27,642,909,30.66
1011.11658,7.36697,82.56,628,888,30.64
1011.11523,7.37805,87.46,682,908,30.61
1011.1156,7.37503,90.87,673,781,30.55
1011.11993,7.3388,90.16,625,614,30.54
1011.10577,7.45704,93.37,313,598,30.57
1011.10016,7.50384,83.14,374,525,30.52
1011.10565,7.45805,82.74,602,470,30.49
1011.09839,7.51843,76.02,620,890,30.47
1011.09534,7.5441,82.61,980,889,30.5
1011.08221,7.65329,79.09,607,679,30.51
1011.06268,7.81632,87.55,600,690,30.41
1011.07751,7.69254,87.99,610,677,30.44
1011.07062,7.75041,97.23,640,666,30.46
1011.06158,7.82538,88.28,604,670,30.48
1013.41296,-11.77151,82.4,670,866,30.45
1013.44122,-12.00657,79.21,648,662,30.53
1013.43298,-11.93826,84.71,622,626,30.43
1013.38562,-11.54449,78.53,633,580,30.42
1013.39471,-11.61983,74.94,616,592,30.4
1013.28345,-10.69361,69.61,613,514,30.62
1013.26154,-10.51077,78.78,645,567,30.59
1013.26086,-10.50475,87.18,646,554,30.68
1013.29065,-10.75289,94.26,790,600,31.86
1013.29889,-10.82221,92.98,681,809,31.88
1013.27374,-10.61224,78.18,289,547,31.89
1013.25665,-10.47059,78.6,267,543,29.37
1013.22455,-10.20235,77.04,654,535,29.38
1013.18341,-9.85975,85.08,690,556,34.38
1013.17084,-9.75526,84.47,661,480,34.52
1013.15997,-9.66484,72.59,657,518,34.91
1013.07281,-8.9394,78.13,655,552,34.95
1013.04248,-8.6862,82.32,658,714,34.93
1013.00073,-8.33852,82.72,666,737,35.93
1012.97888,-8.15665,77.2,973,795,34.72
1012.97144,-8.09434,74.34,484,799,34.9
1012.95422,-7.95165,71.46,442,711,34.87
1012.90967,-7.57984,69.3,542,733,34.81
1012.88452,-7.37081,68.39,606,697,34.78
1012.85883,-7.15676,67.69,608,979,34.8
1012.87604,-7.30047,69.14,574,704,34.82
1012.87183,-7.2653,69.44,567,628,34.74
1012.86139,-7.17786,65.26,556,355,34.79
1013.86139,-6.17786,69.05,557,365,34.77
1012.81281,-6.77286,65.22,558,351,34.71
1012.79272,-6.60603,60.44,465,113,34.69
1012.77612,-6.46734,67.5,452,315,34.33
1012.76843,-6.40402,90.17,461,328,34.49
1017.36719,-44.64458,87.2,583,927,34.5
1017.34564,-44.46634,79.44,554,336,34.54
1017.30109,-44.09583,63.59,214,487,34.55
1017.27533,-43.88253,56.3,356,482,34.57
1017.26208,-43.77237,61.95,293,502,34.58
1017.24451,-43.62616,65.17,288,379,34.61
1017.20612,-43.30769,66.88,277,420,34.6
1017.18158,-43.10439,67.16,302,377,34.59
1017.18048,-43.09538,69.57,401,384,34.43
1017.19226,-43.19252,71.68,406,389,33.18
1017.245,-43.63016,66.73,412,387,33.15
1017.27966,-43.91858,72.98,340,902,25
1017.3078,-44.15191,72.43,358,872,26
1017.28424,-43.95663,71.3,381,687,27
1017.26532,-43.79941,69.43,346,645,22
1017.26202,-43.7273,70.15,365,620,23.2
1017.25659,-43.78839,72.49,283,681,23.1
1017.26398,-43.85849,75.32,373,638,22.1
1017.2724,-44.08081,87.47,370,663,27.2
1017.29919,-44.27708,92.13,375,992,26.1
1017.32281,-44.41227,83.73,361,616,29
1017.33911,-44.35118,80.14,409,648,28.1
1017.33185,-44.56948,73.99,393,906,31
1017.35815,-49.8363,71.93,391,934,30.9
1017.9928,-49.67116,67.12,392,308,31.2
1017.97284,-49.70419,66.38,385,390,31.6
1017.97687,-49.69518,78.69,386,488,33
1017.97577,-50.09452,86.65,387,919,35.1
1018.02393,-50.02946,81.5,400,261,35
1018.01611,-50.10252,76.78,399,931,34.3
1018.02484,-50.08851,71.92,394,639,32.2
1018.02313,-50.28667,72.56,408,634,37
1018.04706,-50.80107,63.76,460,317,33.4
1018.10907,-50.85312,67.71,456,618,33.6
1018.1153,-51.05627,71.27,266,656,36.2
1018.13983,-51.42854,71.55,264,621,41
1018.18475,-51.70472,75.38,262,672,38.1
1018.21796,-51.9789,70.02,257,619,30
1018.25104,-52.71235,75.35,273,655,36
1018.33954,-53.33369,68.78,269,699,35.7
1018.41437,-53.76991,74.06,256,637,34.1
1018.46704,-53.98401,74.85,255,667,36.5
1018.4928,-54.24012,65.84,253,629,36.6
1018.52368,-54.38618,66.12,102,313,37.4
1018.54138,-54.22612,74.54,100,374,32.5
1018.52203,-54.34217,69.73,109,596,34.4
1018.53607,-54.44621,69.5,116,608,31.7
1018.54852,83.84582,77.78,114,602,33.5
1001.98206,84.32383,82.13,115,607,26.3
1001.92517,84.40392,75.21,104,658,24.3
1001.91565,81.02332,73.3,123,604,32.33
1002.31799,80.82772,68.36,118,642,32.43
1002.34125,22.58067,66.63,117,669,32.4
1009.29413,22.03394,66.54,157,668,32.44
1009.35956,21.93769,65.76,222,606,32.46
1009.37109,18.05498,66.97,166,636,32.51
1009.83594,18.11844,66.28,133,617,32.55
1009.82837,18.14715,63.17,204,652,32.49
1009.82495,18.32798,70.21,200,601,32.53
1009.80328,18.48414,61.1,192,698,32.56
1009.78455,18.55919,60.54,188,771,31.62
1009.77557,18.50932,62.81,177,289,31.43
1009.78156,18.68411,64.92,181,267,31.55
1009.76062,18.76572,63.05,176,649,32.14
1009.75085,18.81962,63.22,173,646,31.99
1009.74438,18.80803,63.49,168,653,31.02
1009.74579,18.65893,66.05,162,661,180
1009.76361,18.36929,67.51,154,484,24.82
1009.79834,18.19249,64.89,163,442,30.85
1009.81952,18.15824,66.79,161,391,32.11
1009.82361,18.06455,77.73,160,678,33.45
1009.83484,18.21163,62.9,159,752,33.51
1009.8172,18.4514,53.55,158,743,34.53
1009.78851,18.49874,53.95,156,791,33.78
1009.78284,18.65137,62.71,547,767,33.41
1009.76453,18.72089,57.37,530,731,32.38
1009.75623,53.18661,50.95,570,500,32.37
1005.63586,52.94553,53.57,538,501,32.65
1005.66467,51.16066,59.05,559,503,33.36
1005.87769,51.10608,58.96,568,504,33.47
1005.88422,50.98734,60.08,562,505,32.41
1005.89838,36.30126,55.31,563,507,32.54
1007.65283,37.07531,64.88,582,508,32.15
1007.5603,36.66053,55.27,560,509,32.18
1007.60986,41.96621,62.33,532,511,32.23
1006.97577,36.63429,65.6,548,512,32.25
1007.61298,43.11381,67.2,531,513,32.26
1006.83868,36.86086,65.44,603,526,32.28
1007.58594,36.68222,61.5,592,527,32.29
1007.60724,36.2392,61.14,573,528,32.16
1007.66022,36.43144,56.06,576,529,32.31
1007.63727,35.79568,53.12,590,530,32.32
1007.71326,36.88407,70.95,581,531,19.9
1007.58313,36.11154,64.5,594,532,19.6
1007.67548,36.23768,67.94,553,533,18.5
1007.6604,36.25282,60.36,571,536,17.8
1007.65857,36.23466,58.6,523,537,19.1
1007.66077,36.04796,60.48,529,538,20
1007.68311,36.05402,62.85,525,982,19.3
1007.68237,36.51823,46.95,513,983,16.8
1007.62689,35.91325,44.01,527,984,15.7
1007.69922,35.8754,45.5,499,815,16.3
1007.70374,36.43346,52.89,534,827,17.1
1007.63702,36.22154,48.65,496,839,21.6
1007.66235,36.58585,42.86,528,850,20.7
1007.61877,36.40066,60.79,521,851,20.1
1007.64093,36.8003,60.66,545,863,21.3
1007.59314,36.91939,47.7,533,875,22.4
1007.57892,37.03141,71.07,524,877,24.7
1007.56555,36.73672,66.25,549,887,23.6
1007.60077,36.6908,49.62,535,891,26.8
1007.60626,36.69232,60.05,503,899,23.9
1007.60608,36.49401,49.33,505,900,25.2
1007.62976,36.81796,57.61,518,903,26.6
1007.59106,36.72764,59.5,454,904,27.9
1007.60181,36.83058,70.89,434,910,24.4
1007.58954,37.01224,73.52,448,911,29.5
1007.56781,37.03444,73.07,441,912,29.1
1007.56519,36.78769,79.87,435,915,28.8
1007.59467,36.95219,64.26,424,917,28.3
1007.57501,36.49603,70.27,445,918,28.2
1007.62952,36.30782,75.13,470,920,27.4
1007.65204,36.06512,73.47,447,922,28.6
1007.68103,36.19782,74.57,438,923,27.5
1007.66516,36.02122,67.85,467,925,27.3
1007.68628,36.08126,66.91,519,928,26.9
1007.67908,36.14585,63.44,520,929,25.5
1007.67139,36.37291,66.46,537,930,25.9
1007.64423,36.50864,65.89,497,933,25.1
1007.62799,36.54699,71.15,540,935,25.6
1007.62341,36.53236,77.72,551,937,25.7
1007.62518,36.71957,68.46,425,938,20.5
1007.60278,33.50323,70.92,449,939,9.472222222
1007.98737,33.06135,72.79,413,946,9.355555556
1008.04016,32.89691,70.84,455,947,9.377777778
1008.05981,32.68405,72.1,422,950,8.288888889
1008.08533,32.6326,66.5,426,953,8.755555556
1008.09143,32.33752,56.97,418,954,9.222222222
1008.12671,32.50196,68.41,429,957,7.733333333
1008.10706,32.27801,77.69,451,958,8.772222222
1008.13385,32.32946,74.05,481,959,10.82222222
1008.12769,32.60032,74.77,450,961,13.77222222
1008.09534,32.29869,74.75,474,964,16.01666667
1008.13141,32.03439,78.2,436,965,17.14444444
1008.16296,32.10198,64.97,431,967,17.33333333
1008.15491,32.11863,72.73,471,969,18.87777778
1008.15289,31.86694,61.64,457,970,18.91111111
1008.18304,31.60266,63.12,458,971,15.38888889
1008.2146,31.14119,68.01,432,974,15.55
1008.26984,30.6641,80.59,446,977,14.25555556
1008.3269,30.57635,75.27,479,986,13.14444444
1008.3374,30.28285,73.19,433,989,11.55
1008.3725,29.85371,69.82,472,400,11.18333333
1008.42383,29.89355,73.61,463,401,10.11666667
1008.41907,29.5804,74.29,437,402,10.2
1008.45648,29.11902,77.41,483,403,10.42222222
1008.51172,28.75345,74.76,439,405,9.911111111
1008.55542,28.79228,74.44,490,406,7.155555556
1008.55078,28.34404,77.18,743,407,6.111111111
1008.60443,28.03245,74.74,707,408,6.788888889
1008.64166,28.02792,78.01,466,409,7.261111111
1008.64221,28.14589,72.18,202,410,7.8
1008.62811,28.20589,72.76,165,411,9.872222222
1008.62091,28.22808,83.51,241,412,12.22222222
1008.61829,28.04002,73.31,258,413,15.09444444
1008.64081,27.9291,72.94,231,414,17.35555556
1008.65405,27.69264,80.1,249,415,19.00555556
1008.68237,50.32745,72.4,515,416,20.04444444
1005.97717,50.29966,83.16,462,417,21.05
1005.98047,50.51692,83.01,516,418,21.18333333
1005.95453,50.34968,76.65,504,419,20.11666667
1005.97455,50.40324,77.27,511,421,20.21666667
1005.96814,50.20568,76.99,492,422,16.06111111
1005.9917,50.10614,73.02,500,423,15.02222222
1006.0036,50.22033,74.21,477,424,14.42222222
1005.98999,50.34008,75.41,501,425,13.28333333
1005.97565,50.37848,74.84,509,426,8.633333333
1005.97107,50.54067,88.89,476,428,11.25
1005.95172,50.27035,81.42,478,429,10.69444444
1005.98401,50.26227,78.36,485,430,11.11111111
1005.98499,50.09857,80.82,486,431,12.16666667
1006.00452,50.16829,80.49,489,432,12.75555556
1005.99615,50.05511,76.82,491,433,13.83888889
1006.0097,50.07027,77.85,493,434,16.18333333
1006.00787,49.86413,80.02,494,435,17.51666667
1006.03247,49.80199,85.09,495,436,17.38333333
1006.03992,49.81816,86.14,498,437,17.36111111
1006.03796,49.8222,84.97,506,438,17.20555556
1006.03748,49.72671,74.13,147,439,15.63333333
1006.04889,49.68932,68.16,148,440,13.57777778
1006.05334,49.92981,59.44,149,441,10.91111111
1006.02466,50.09503,64.74,150,443,8.8
1006.00494,50.28349,65.27,151,444,8.961111111
1005.98242,50.21124,71.26,152,445,8.2
1005.99103,50.11928,84.41,153,446,7.688888889
1006.00201,49.80452,85.29,155,447,7.766666667
1006.03961,49.79491,78.94,164,449,8.177777778
1006.04077,48.49806,87.96,167,450,7.311111111
1006.19562,48.54302,91.18,169,452,7.644444444
1006.19025,48.29801,94.71,170,454,6.622222222
1006.21948,48.31317,90.09,171,455,6.683333333
1006.21765,48.48139,86.29,172,456,6.088888889
1006.19757,48.47179,84.87,174,457,6.066666667
1006.19873,48.4627,80.25,175,458,6.144444444
1006.19983,48.40662,78.41,178,459,7.133333333
1006.20654,48.30256,76.87,179,460,7.205555556
1006.21893,48.26972,79.13,180,461,7.566666667
1006.22284,48.10807,89.11,182,462,8.9
1006.24219,48.16667,87.82,183,463,9.961111111
1006.23517,48.06614,91.92,184,464,9.888888889
1006.24719,47.99795,83.48,185,465,11.06666667
1006.25531,48.22375,80.53,186,466,11.03888889
1006.22833,48.27831,84.32,187,467,10.65
1006.22186,48.22931,88.61,189,468,10.05
1006.22766,48.25002,88.25,190,469,9.9
1006.22522,48.26619,85.44,191,471,8.794444444
1006.22327,48.35106,85.13,193,472,7.827777778
1006.21313,48.39702,87.85,194,474,7.855555556
1006.20764,48.33944,87.58,195,475,7.316666667
1006.21454,48.43643,90.78,196,477,7.244444444
1006.20294,48.47886,84.19,197,478,5.438888889
1006.19788,48.45007,77.51,198,479,7.2
1006.20135,48.3066,81.3,199,481,6.688888889
1006.21844,48.05907,93.45,201,483,6.211111111
1006.24799,48.17475,94.23,203,485,6.172222222
1006.23419,48.22527,92.8,205,486,7.222222222
1006.22815,48.20759,88.91,206,489,7.288888889
1006.23029,48.33539,89.87,207,490,7.405555556
1006.21503,48.04948,94.33,208,491,7.961111111
1006.24915,48.12373,92.5,209,492,8.033333333
1006.2403,47.78831,91.33,210,493,9.077777778
1006.28033,47.46806,90.97,211,494,9.05
1006.3186,47.29026,90.7,212,495,9.183333333
1006.33984,47.16348,94.17,213,496,9.072222222
1006.35498,47.25086,90.01,215,497,7.983333333
1006.34454,47.32663,87.19,216,498,8.072222222
1006.33545,47.40644,83.65,217,499,7.894444444
1006.32593,47.38876,90.66,218,515,7.338888889
1006.32806,47.49281,91.58,219,516,8.338888889
1006.31561,47.33421,91.01,220,517,5.183333333
1006.33459,47.1655,86.55,221,520,3.722222222
1006.35474,47.12913,85.04,223,521,4.855555556
1006.35907,47.10034,79.41,224,522,5.211111111
1006.36249,47.41502,81.24,225,523,6.255555556
1006.32495,47.3438,86.79,226,524,7.794444444
1006.33344,47.45341,86.03,227,539,12.2
1006.32031,47.33471,89.63,228,540,12.7
1006.33453,47.30693,89.77,229,541,13.93333333
1006.33783,47.1165,80.45,230,542,15.15
1006.3606,46.94174,78.52,232,789,16.17777778
1006.38147,47.10792,90.03,233,803,16.25
1006.36157,47.3534,89.36,234,100,16.29444444
1006.33228,47.49332,86.91,235,101,16.1
1006.31555,47.52565,86.4,236,102,12.95555556
1006.31171,47.41149,80.95,237,103,13.85
1006.32532,47.38825,86.82,238,104,12.77777778
1006.32813,47.55646,88.05,239,105,12.15
1006.30804,47.40391,87.93,240,106,10.67777778
1006.32623,47.38522,89.35,242,108,10.44444444
1006.32849,47.52767,86.01,243,109,9.822222222
1006.31146,47.77316,90.99,244,110,11.02777778
1006.28217,47.7767,85.34,245,111,7.138888889
1006.28174,47.75296,92.2,246,112,7.622222222
1006.28455,47.82519,88.04,247,114,7.627777778
1006.27594,48.0323,88.82,248,115,7.044444444
1006.25122,48.05149,90.65,250,116,8.6
1006.2489,47.83479,86.67,251,117,9.65
1006.27478,47.84944,82.84,252,118,12.10555556
1006.27307,47.86914,79.82,254,119,13.81111111
1006.27069,47.83984,79.79,259,120,17.12777778
1006.27417,47.82367,87.07,260,121,17.77777778
1006.27612,47.82923,84.16,263,,17.80555556
1006.27545,47.70547,79.31,265,,16.15555556
1006.29022,47.68678,81.89,268,,14.05
1006.29248,47.61455,85.36,270,,13.08888889
1006.30109,47.63829,80.62,271,,12.28888889
1006.29828,47.8358,73.68,272,,12.72777778
1006.27466,47.88631,77.14,274,,12.26666667
1006.26862,47.90298,91.4,275,,11.71111111
1006.26666,48.07978,92.4,276,,10.82777778
1006.24554,48.23386,86.42,278,,11.68888889
1006.22717,48.39197,78.98,279,,11.20555556
1006.20825,48.63749,84.48,280,,11.13333333
1006.17896,48.86078,83.95,281,,11.43888889
1006.15228,49.028,87.12,282,,13.03333333
1006.13232,49.223,84.68,284,,17.24444444
1006.10901,49.48622,83.97,285,,17.73888889
1006.07764,49.43469,73.54,286,,17.84444444
1006.08374,49.368,67.8,287,,18.86111111
1006.09174,49.35638,66.61,290,,18.66666667
1006.09314,49.43873,65.52,291,,17.82222222
1006.08325,49.35386,68.61,292,,17.35
1006.09344,46.53817,74.58,294,,16.06666667
1006.42963,46.27806,70.58,295,,14.93333333
1006.46588,46.36898,70.59,296,,13.92222222
1006.44983,46.48413,76.72,297,,12.37222222
1006.4361,46.47858,87.5,298,,11.66666667
1006.43677,46.99326,90,299,,8.977777778
1006.37531,46.7993,93.04,300,,10.57777778
1006.39844,47.15944,92.42,301,,10.53333333
1006.35547,47.5802,81.72,303,,10.58888889
1006.30518,47.71709,75.1,304,,9.983333333
1006.28888,47.88833,67.23,305,,11.02222222
1006.26843,48.33994,73.86,306,,13.53888889
1006.21448,48.3748,74.6,308,,13.88888889
1006.21033,48.55817,75.42,309,,15
1006.18842,48.80824,74.09,310,,17.18333333
1006.15857,48.8335,70.53,311,,16.2
1006.15552,48.67841,70.3,312,,17.75
1006.17407,48.76934,70.77,314,,18.40555556
1006.16321,48.72791,75.81,315,,17.31111111
1006.16815,48.93504,62.69,318,,17.50555556
1006.14343,49.21088,62.55,319,,17.26666667
1006.11047,49.03962,74.49,320,,15.13888889
1006.13092,49.07599,86.35,321,,13.25
1006.12659,49.08155,89.81,322,,12.29444444
1006.12592,49.174,76.77,323,,10.7
1006.11487,31.20372,79.35,324,,9.855555556
1008.26233,30.945,73.71,325,,9.522222222
1008.29327,30.93592,77.4,326,,8.405555556
1008.29437,30.80279,72.92,327,,13.01111111
1008.3103,55.1811,84.55,328,,6.138888889
1005.39789,55.09416,72.65,330,,6.472222222
1005.40826,55.06484,69.22,331,,6.627777778
1005.41174,55.36409,70.93,332,,8.688888889
1005.37604,82.4099,70.07,333,,11.99444444
1003.39081,82.3952,71.79,334,,13.76666667
1003.39252,82.31461,61.93,335,,15.08888889
1003.40216,82.06678,63.84,337,,16.45555556
1003.4317,81.99026,63.8,338,,17.87222222
1003.4408,82.99026,74.15,339,,19.03888889
-70.73906,78.233,69.51,341,,18.97777778
1003.88861,78.48074,68.09,342,,19.01111111
1003.85907,77.70056,63.69,343,,17.86666667
1003.95209,78.25884,68.59,344,,16.18888889
1003.88556,77.24261,74.99,345,,14.88333333
1004.00671,77.13218,71.88,347,,14.32777778
1004.01984,76.41896,68.38,348,,14.51111111
1004.10492,75.39633,68.43,349,,14.37222222
1004.22681,75.35683,66.09,350,,14.87777778
1004.23157,74.75211,64.28,353,,10.40555556
1004.30365,74.41634,70.86,354,,12.82222222
1004.34369,74.41735,68.54,357,,12.8
1004.34357,74.36469,65.21,359,,12.82777778
1004.34985,74.51408,67.28,360,,12.18333333
1004.33203,74.55105,69.62,362,,12.17222222
1004.32764,74.77642,70.88,363,,12.71111111
1004.30078,74.8063,70.75,366,,15.60555556
1004.29718,74.70096,70.35,367,,16.02222222
1004.30975,75.13043,63.45,368,,17.2
1004.25854,75.35835,61.72,369,,17.21666667
1004.23138,74.54092,59.84,371,,17.82777778
1004.32886,74.51155,86.58,372,,17.73333333
1004.33234,73.80965,91.59,378,,16.27222222
1004.41608,73.11489,78.65,380,,13.16666667
1004.4989,60.88821,73.1,383,,13.25555556
1005.95807,60.93879,70.42,390,,12.45555556
1005.95203,60.75671,71.14,395,,12.48888889
1005.97375,60.36323,64.23,396,,9.555555556
1006.02075,59.74927,64.47,397,,10.62222222
1006.09406,59.12523,62.72,398,,8.722222222
1006.16858,58.26054,59.71,402,,9.444444444
1006.27185,57.87828,63.29,403,,10.36666667
1006.3175,57.4571,64.43,404,,8.888888889
1006.3678,57.01217,64.84,405,,9.977777778
1006.42096,56.51671,67.37,407,,13.96111111
1006.48016,55.58955,64.31,410,,14.94444444
1006.59094,55.32113,66.2,411,,16.36666667
1006.62299,54.69735,64.39,414,,17.37222222
1006.69751,54.34909,67.1,415,,17.67222222
1006.73914,49.87424,68.5,416,,17.72222222
1007.27393,49.44833,67.87,417,,16.23888889
1007.32483,49.09266,68.67,419,,14.06666667
1007.36737,47.04226,67.63,420,,13.95555556
1007.61249,57.9516,68.89,423,,10.02222222
1006.30878,58.08559,64.46,427,,9.416666667
1006.29272,58.07952,58.81,430,,11.82777778
1006.29346,58.61197,62.97,440,,10.76111111
1006.22986,58.26408,67.34,443,,12.15555556
1006.27142,58.47949,65.58,444,,9.672222222
1006.24573,58.37381,69.31,453,,8.15
1006.2583,58.39909,68.93,,,10.16111111
1006.25269,58.42083,69.38,,,11.24444444
1006.23242,58.59073,67.53,,,12.24444444
1006.17206,59.0959,67.47,,,13.91111111
1006.14813,59.29615,66.19,,,15.61666667
1006.14807,59.29666,73.41,,,15.07222222
1005.62018,63.71789,59.58,,,14.26666667
1005.73767,62.73394,53.94,,,15.02777778
1005.80658,62.15677,63.03,,,13.94444444
1005.84784,61.81129,63.52,,,12.91666667
1005.73602,62.7476,63.88,,,12.89444444
1005.7171,62.90594,57.04,,,12.4
1005.73792,62.73192,56.31,,,11.52777778
1005.63861,63.56359,57.94,,,11.53888889
1005.63159,63.62228,61.44,,,9.438888889
1005.64417,63.51705,66.23,,,11.39444444
1005.78735,62.31762,58.82,,,11.95
1005.8822,61.52348,57.77,,,11.97222222
1005.94373,61.00808,56.45,,,12.63333333
1005.83954,61.88058,58.56,,,13.84444444
1005.77704,62.40413,68.25,,,13.17222222
1006.10889,59.73157,65.1,,,15.06666667
1006.07532,59.90604,59.1,,,16.31666667
1006.17303,59.08781,64.62,,,15.27222222
1006.19702,58.88705,57.95,,,17.45555556
1006.20111,58.85267,69.64,,,16.22222222
1006.20221,58.86329,61.23,,,15.08333333
1006.09045,58.84357,54.53,,,13.99444444
1006.01489,59.77961,91.55,,,11.08888889
1005.97192,60.41228,87.03,,,11.09444444
1005.93286,60.77188,67.26,,,9.883333333
1006.03998,61.09912,62.54,,,9.861111111
1006.05994,60.2019,62.7,,,8.272222222
1006.0625,60.035,82.29,,,8.866666667
1006.06372,60.01326,83.26,,,8.816666667
1006.07947,60.00314,57.53,,,8.85
1006.11029,59.87115,53.92,,,11.17777778
1006.11237,59.61323,74.71,,,12.38888889
1006.10187,59.59604,66.92,,,14.14444444
1006.06299,59.68403,73.13,,,18.93888889
1006.47546,60.00921,63.02,,,17.91666667
1006.49249,56.55614,71.99,,,19.98333333
1006.53156,56.41358,72.89,,,20.07222222
1006.57422,56.08649,68.72,,,20.08333333
1006.61127,55.72908,75.66,,,19.08888889
1006.76526,55.4192,68.34,,,17.45
1006.7771,54.13023,76.75,,,15.56666667
1006.80469,54.03116,60.29,,,12.49444444
1006.82056,53.80018,0.89,,,11.41666667
1006.85858,53.66776,0.86,,,10.55555556
1007.26611,53.34935,0.83,,,10.46666667
1007.21893,49.93941,0.85,,,10.25
1007.18414,50.33401,0.95,,,8.311111111
1007.1261,50.62505,0.82,,,8.811111111
1007.08783,51.11063,0.72,,,8.733333333
1007.03516,51.431,0.67,,,11.93333333
1006.96155,51.87164,0.54,,,14.51666667
1006.72192,52.48766,0.55,,,18.73333333
1006.66565,54.49314,0.51,,,20.02777778
1006.6106,54.96425,0.47,,,21.03888889
1006.1283,55.42476,0.46,,,20.73888889
1006.07642,59.46253,0.6,,,22.31666667
1006.03003,59.89694,0.63,,,22.11111111
1006.01733,60.06939,0.69,,,22.73333333
1005.99475,60.39155,0.7,,,22.77777778
1005.9588,60.5807,0.77,,,21.21666667
1005.89203,60.88163,0.76,,,20.18333333
765.70905,61.44104,0.79,,,18.01111111
1005.73151,2301.18018,0.62,,,17.42222222
1005.69409,62.78554,0.66,,,13.28888889
1005.65204,63.09867,0.8,,,12.32222222
1005.60571,63.45128,0.78,,,11.11666667
1005.59344,63.83931,0.61,,,12.38333333
1005.53247,63.94201,0.52,,,8.872222222
1005.5022,64.4525,0.4,,,8.672222222
1005.45673,64.70649,0.37,,,14.83888889
1005.46588,65.08749,0.36,,,21.09444444
1005.46753,65.01057,0.43,,,22.02777778
1005.45221,64.99692,0.5,,,22.82777778
1005.43378,65.12493,0.53,,,22.91666667
1005.39783,65.27976,0.58,,,23.91666667
1005.43829,65.58083,0.59,,,23.91111111
1005.42596,65.24181,0.87,,,23.93333333
1005.38428,65.34503,0.93,,,22.82222222
1005.38513,65.69417,0.84,,,21.22777778
1005.35828,65.68709,0.73,,,19.07777778
1005.31622,65.91226,0.71,,,17.06111111
1005.30658,66.26446,0.74,,,14.90555556
1005.25256,66.44106,0.81,,,13.08333333
1005.23328,66.79784,0.9,,,12.12777778
1005.21564,66.95977,0.99,,,11.81111111
1005.15564,67.10754,0.96,,,12.01666667
1005.1463,67.61009,0.75,,,12.04444444
1005.08685,67.68854,0.88,,,10.62777778
1005.0614,68.18655,0.65,,,12.55555556
1005.02716,68.39964,0.91,,,15.00555556
1005.01526,68.68662,0.94,,,17.33888889
1004.97888,68.78634,0.92,,,21.26111111
1004.98138,69.09155,0.44,,,22.41111111
1004.97925,69.0703,0.56,,,22.93888889
1005.03815,69.08852,0.68,,,23.92777778
1005.08673,68.59451,0.64,,,23.96111111
1005.09424,68.18757,0.48,,,23.11111111
1005.12872,68.12481,0.57,,,21.11111111
1005.17719,67.83582,0.98,,,18.18888889
1005.19122,67.42941,1,,,15.46666667
1005.15393,67.312,0.38,,,14.60555556
1005.11859,67.62426,0.41,,,13.31111111
1005.1311,67.92033,0.45,,,12.73333333
1005.89001,67.81557,0.49,,,13.78888889
1005.8689,61.45773,0.32,,,10.48333333
1005.85468,61.63476,0.42,,,10.28888889
1005.8728,61.75362,0.35,,,9.972222222
1005.83392,61.60188,0.39,,,13.63888889
1005.71783,61.92763,0.97,,,16.73888889
1005.65454,62.89987,0.34,,,18.83888889
1007.76892,63.43003,0.33,,,21.16111111
1007.87854,45.73412,0.31,,,22.58888889
1007.91608,44.81752,0.3,,,22.89444444
1008.46326,44.50342,0.29,,,24.00555556
1008.49249,39.92932,0.27,,,23.97777778
1008.5083,39.68502,0.28,,,25.04444444
1002.45374,39.55278,0.26,,,24.07777778
1002.39844,38.63369,0.24,,,22.38333333
1002.40747,90.27671,0.25,,,21.20555556
1002.38367,90.74081,0.23,,,18.26111111
1002.3678,90.66524,0.19,,,15.99444444
1002.31812,90.86509,0.17,,,15.96111111
1002.32581,90.99849,0.2,,,15.44444444
1003.56671,91.41545,0.15,,,13.60555556
1003.54016,91.35103,0.18,,,12.75
1003.51532,80.93363,0.22,,,12.33333333
1002.98468,81.1566,0.14,,,15.89444444
1002.95538,81.36488,0.21,,,17.22777778
1002.93091,85.81832,0.16,,,19.05555556
1002.90533,86.06422,0.13,,,20.14444444
1002.91498,86.27006,,,,20.26111111
1002.90814,86.48453,,,,21.25555556
1002.89392,86.4034,,,,20.23333333
1002.91638,86.4612,,,,17.94444444
1002.94031,86.58035,,,,15.49444444
1002.88751,86.39174,,,,14.53888889
1002.69983,86.19096,,,,14.13888889
1002.66138,86.63409,,,,13.4
1002.62335,88.21006,,,,13.42777778
1002.56641,88.53309,,,,11.58888889
1002.58966,88.85207,,,,13.91666667
1002.51971,89.33031,,,,13.86666667
1002.5047,89.13506,,,,15.93333333
1002.50983,89.72235,,,,18.75
1002.49268,89.84864,,,,18.96111111
1002.48389,89.80553,,,,19.99444444
1003.48389,89.94957,,,,21.17777778
1004.48389,90.02311,,,,19.02777778
1016.4,62.44104,,,,17.85
1014.6,,,,,16.26111111
1013.2,,,,,14.98333333
1011.8,,,,,14.46666667
1012.3,,,,,12.31666667
1014.1,,,,,11.76111111
1013.1,,,,,10.13888889
1012.8,,,,,10.60555556
1015.4,,,,,10.07222222
1017.5,,,,,11.16111111
1018.3,,,,,12.88888889
1018.9,,,,,15.05
1016.5,,,,,15.16111111
1015.5,,,,,17.93888889
1015.2,,,,,18.85555556
1012.4,,,,,17.98888889
1008,,,,,17.96111111
1007.9,,,,,14.12222222
1009.2,,,,,12.95
1011.7,,,,,11.15555556
1014,,,,,9.216666667
1013.3,,,,,8.683333333
1011.2,,,,,9.188888889
1013,,,,,8.594444444
1010.4,,,,,7.505555556
1007.7,,,,,6.216666667
1008.2,,,,,5.855555556
1007.5,,,,,5.933333333
1008.4,,,,,12.54444444
1009.1,,,,,13.86111111
1007.8,,,,,15.97777778
1006.5,,,,,16.42777778
1009.9,,,,,17.3
1013.4,,,,,15.18333333
1013.9,,,,,13.00555556
1011.1,,,,,12.69444444
1009.3,,,,,12.19444444
1009.4,,,,,12.08333333
1011.4,,,,,10.61666667
1012.9,,,,,11.6
1008.9,,,,,11.88888889
1010,,,,,10.41666667
1007,,,,,10.3
1007.2,,,,,9.483333333
1008.6,,,,,9.772222222
1006.9,,,,,10.93333333
1005.3,,,,,11.65555556
1005.8,,,,,13.93888889
1007.4,,,,,16.03888889
1007.6,,,,,15.22777778
1007.3,,,,,16.20555556
1006.7,,,,,17.26111111
1006.8,,,,,13.92777778
1008.3,,,,,12.36666667
1005.7,,,,,12.78888889
1004.3,,,,,9.533333333
1004,,,,,4.911111111
1003.3,,,,,7.916666667
1004.9,,,,,7.383333333
1004.2,,,,,7.972222222
1003.1,,,,,7.888888889
1005,,,,,7.822222222
1006.3,,,,,7.944444444
1010.3,,,,,8.077777778
1008.1,,,,,10.22777778
1005.2,,,,,11.36111111
1001.3,,,,,12.45
1001.9,,,,,12.55
1001.2,,,,,9.227777778
1003.2,,,,,6.677777778
1002.2,,,,,6.122222222
1004.1,,,,,5.327777778
1003.6,,,,,4.355555556
1002.8,,,,,9.272222222
1001.5,,,,,4.261111111
998.8,,,,,3.216666667
997.5,,,,,3.905555556
1001.8,,,,,2.711111111
1002.4,,,,,3.816666667
1001.7,,,,,6.883333333
1000,,,,,8.938888889
1002,,,,,12.85
999.9,,,,,14.97777778
996.9,,,,,14.02777778
997.4,,,,,15.04444444
999.8,,,,,14.95
1001.4,,,,,13.81666667
999.2,,,,,12.65
1000.8,,,,,5.666666667
1000.1,,,,,9.777777778
999.7,,,,,8.661111111
998.1,,,,,7.55
998.7,,,,,7.233333333
1000.3,,,,,6.044444444
1000.9,,,,,6.094444444
998,,,,,6.116666667
997.2,,,,,6.038888889
998.9,,,,,6.888888889
1000.6,,,,,7.061111111
1001,,,,,6.072222222
1002.3,,,,,5.044444444
1001.6,,,,,5.022222222
1000.5,,,,,5.033333333
998.5,,,,,5
997.6,,,,,4.977777778
997.7,,,,,4.933333333
998.4,,,,,4.466666667
996.8,,,,,4.444444444
1000.7,,,,,4.011111111
1002.9,,,,,4.905555556
1002.5,,,,,4.883333333
1002.1,,,,,4.388888889
999.1,,,,,4.838888889
997.9,,,,,4.811111111
1003.4,,,,,4.944444444
1003.5,,,,,7.777777778
1004.6,,,,,8.727777778
1005.5,,,,,8.983333333
1003.8,,,,,10
999.6,,,,,10.09444444
1001.1,,,,,11.06111111
999.3,,,,,11.01111111
1003.9,,,,,7.333333333
1004.4,,,,,5.05
1005.1,,,,,3.933333333
1005.9,,,,,4.094444444
1006.2,,,,,3.8
1004.8,,,,,2.688888889
1007.1,,,,,5.066666667
1006,,,,,2.6
1004.5,,,,,1.583333333
1002.6,,,,,2.155555556
1006.1,,,,,0.955555556
1004.7,,,,,5.594444444
1000.2,,,,,11.07222222
1005.6,,,,,11.05555556
1005.4,,,,,13.02222222
1002.7,,,,,10.20555556
1010.8,,,,,9.144444444
1012.7,,,,,7.144444444
1012.6,,,,,6.016666667
1013.7,,,,,5.461111111
1013.6,,,,,8.244444444
1012.1,,,,,3.838888889
1011.9,,,,,2.244444444
1012.5,,,,,2.022222222
1012.2,,,,,2.172222222
1010.7,,,,,3.661111111
1011.5,,,,,10.00555556
1011.6,,,,,12.93888889
1014.8,,,,,13.98333333
1015,,,,,17.28888889
1013.5,,,,,17.38888889
1015.1,,,,,10.02777778
1014.2,,,,,21.01666667
1013.8,,,,,19.44444444
1011,,,,,20.72222222
1014.4,,,,,18.79444444
1016.1,,,,,17.60555556
1016.9,,,,,22.55555556
1017.8,,,,,24.76111111
1018,,,,,27.17222222
1018.1,,,,,28.91111111
1018.6,,,,,30.95555556
1016,,,,,32.17222222
1015.3,,,,,32.12777778
1016.3,,,,,31.98333333
1017,,,,,32.53888889
1016.8,,,,,31.97777778
1014.5,,,,,32.01111111
1009.7,,,,,30.94444444
1012,,,,,28.57222222
1010.2,,,,,27.09444444
1010.6,,,,,24.69444444
1011.3,,,,,24.13888889
1008.7,,,,,23.12222222
1006.6,,,,,15.56111111
1009.5,,,,,16.53888889
1008.5,,,,,13.8
1010.5,,,,,13.31666667
1010.1,,,,,12.60555556
1009.8,,,,,12.32777778
1009.6,,,,,14.96666667
1006.4,,,,,18.88888889
1003.7,,,,,21.35
995.6,,,,,22.33888889
994.1,,,,,23.03333333
992.9,,,,,24.97777778
993.4,,,,,23.59444444
994.7,,,,,22.50555556
996.3,,,,,20.01666667
999,,,,,19.91111111
997.8,,,,,19.35555556
997.3,,,,,17.88333333
996.6,,,,,17.25
996.4,,,,,16.62777778
995.4,,,,,15.84444444
995.1,,,,,17
997,,,,,17.06666667
995.2,,,,,16.50555556
993.6,,,,,16.16111111
998.6,,,,,18.84444444
1015.13,,,,,21.11666667
1015.63,,,,,23.79444444
1015.94,,,,,23.88888889
1016.41,,,,,25.83333333
1016.51,,,,,25.92777778
1016.66,,,,,24.94444444
1016.72,,,,,24.92777778
1016.84,,,,,19.33888889
1017.37,,,,,17.78333333
1017.22,,,,,16.48888889
1017.42,,,,,15.69444444
1017.74,,,,,15.62777778
1017.59,,,,,16.21111111
1017.48,,,,,15.57777778
1017.17,,,,,17.48333333
1016.47,,,,,17.66666667
1016.15,,,,,19.68333333
1016.17,,,,,18.82222222
1015.82,,,,,21.15
1015.83,,,,,23.65555556
1015.85,,,,,23.61666667
1015.77,,,,,23.81666667
1015.51,,,,,22.03888889
1008.71,,,,,19.95
1014.47,,,,,18.92222222
1014.45,,,,,15.83333333
1014.49,,,,,16.73333333
1014.52,,,,,16.71111111
1014.16,,,,,16.26666667
1014.24,,,,,16.13888889
1014.25,,,,,16.08888889
1013.96,,,,,15.55555556
1013.85,,,,,17.08888889
1013.04,,,,,19.79444444
1012.22,,,,,22.01666667
1011.44,,,,,21.13888889
1010.52,,,,,21.04444444
1009.83,,,,,18.91666667
1009.26,,,,,20.05
1008.76,,,,,21.06666667
1008.36,,,,,18.86666667
1008.11,,,,,17.95555556
1008.15,,,,,17.71111111
1007.85,,,,,16.79444444
1007.89,,,,,16.66666667
1007.36,,,,,17.01111111
1007.26,,,,,16.11666667
1007.01,,,,,14.00555556
1006.73,,,,,16.05
1006.59,,,,,18.88333333
1006.34,,,,,20.18888889
1006.09,,,,,22.26666667
1005.97,,,,,22.35555556
1005.63,,,,,23.86666667
1005.83,,,,,22.95555556
1005.64,,,,,22.47777778
1004.65,,,,,20.85555556
1004.04,,,,,19.16111111
1004.08,,,,,18.23888889
1004.61,,,,,17.81666667
1004.99,,,,,15.30555556
1004.85,,,,,16.55
1004.96,,,,,16.09444444
1005.14,,,,,18.65555556
1005.05,,,,,19.81111111
1004.89,,,,,21.06111111
1003.68,,,,,22.20555556
1003.86,,,,,22.75
1003.57,,,,,23.48333333
1003.96,,,,,24.95
1004.26,,,,,23.95555556
1004.18,,,,,23.86111111
1004.23,,,,,19.26666667
1004.47,,,,,16.62222222
1004.52,,,,,16.67222222
1004.29,,,,,14.44444444
1003.93,,,,,14.43333333
1004.39,,,,,14.92777778
1005.48,,,,,17.04444444
1005.89,,,,,18.78888889
1006.37,,,,,24.96666667
1006.56,,,,,26.13333333
1007.07,,,,,27.22222222
1007.37,,,,,27.73888889
1012.23,,,,,27.77777778
1007.28,,,,,27.8
1007.18,,,,,27.87222222
1007.39,,,,,26.15555556
1007.67,,,,,22.57222222
1007.98,,,,,20.43888889
1008.57,,,,,20.42777778
1008.87,,,,,19.87777778
1009.44,,,,,17.22222222
1010.03,,,,,16.64444444
1010.22,,,,,20.78333333
1010.39,,,,,26.01666667
1010.24,,,,,26.12777778
1009.98,,,,,28.83888889
1010.05,,,,,29.00555556
1010.91,,,,,31.03333333
1011.32,,,,,31.13333333
1011.61,,,,,31.21111111
1011.97,,,,,30.02222222
1012.74,,,,,25.40555556
1015.35,,,,,22.75555556
1013.29,,,,,22.68888889
1013.39,,,,,21.2
1013.45,,,,,21.55
1013.81,,,,,21.43888889
1014.7,,,,,19.50555556
1014.67,,,,,19.86111111
1014.66,,,,,19.33333333
1014.07,,,,,22.10555556
1013.34,,,,,27.96666667
1012.72,,,,,30.11666667
1012.38,,,,,31.04444444
1013.42,,,,,31.20555556
1014.41,,,,,32.54444444
1014.89,,,,,31.03888889
1014.91,,,,,28.95555556
1014.75,,,,,26.47777778
1015.55,,,,,23.38333333
1015.7,,,,,22.45
1016.43,,,,,20.95555556
1016.56,,,,,18.87222222
1017.15,,,,,18.33888889
1018.25,,,,,18.85
1019.24,,,,,17.27777778
1019.83,,,,,19.91666667
1020.51,,,,,25.99444444
1020.91,,,,,27.73333333
1020.6,,,,,28.79444444
1020.39,,,,,29.88333333
1020.34,,,,,30.97222222
1019.7,,,,,31.91666667
1018.89,,,,,31.08333333
1018.48,,,,,31.01666667
1017.87,,,,,27.26666667
1017.56,,,,,25.45555556
1017.38,,,,,23.21666667
1017.58,,,,,22.23888889
1017.65,,,,,20.41666667
1017.36,,,,,19.88333333
1016.64,,,,,16.81111111
1013.13,,,,,19.37777778
1014.79,,,,,20.08888889
1013.95,,,,,21.08888889
1013.63,,,,,22.17777778
1013.27,,,,,23.53333333
1013.56,,,,,23.84444444
1012.85,,,,,24.95555556
1012.15,,,,,25.92222222
1011.71,,,,,24.96111111
1011.28,,,,,24.79444444
1010.99,,,,,23.75555556
1010.93,,,,,22.12777778
1010.69,,,,,18.26666667
1010.86,,,,,17.87777778
1011.14,,,,,18.78333333
1011.64,,,,,19.97777778
1012.02,,,,,20.99444444
1012.21,,,,,19.98888889
1012.33,,,,,22.08888889
1012.66,,,,,23.77222222
1012.32,,,,,27.17777778
1012.55,,,,,30.86111111
1012.71,,,,,32.03888889
1013.01,,,,,32.58888889
1013.23,,,,,32.63888889
1013.31,,,,,32.07777778
1013.02,,,,,28.86111111
1013.03,,,,,26.41111111
1012.03,,,,,23.31111111
1011.81,,,,,24.53888889
1011.33,,,,,21.96666667
1011.76,,,,,14.98888889
1012.01,,,,,16.76666667
1012.31,,,,,17.17777778
1012.51,,,,,17.76111111
1012.52,,,,,19.90555556
1012.61,,,,,21.19444444
1011.27,,,,,22.25
1012.54,,,,,22.64444444
1012.44,,,,,22.80555556
1012.62,,,,,22.63333333
1012.75,,,,,19.07222222
1012.96,,,,,16.32777778
1013.38,,,,,15.05555556
1013.14,,,,,13.20555556
1013.33,,,,,13.36666667
1013.61,,,,,14.31666667
1013.11,,,,,14.33888889
1012.69,,,,,12.74444444
1011.23,,,,,14.85
1012.05,,,,,17.47222222
1012.09,,,,,25.01111111
1011.83,,,,,25.01666667
1011.45,,,,,23.99444444
1011.18,,,,,23.81111111
1010.07,,,,,19.85
1009.99,,,,,16.68888889
1010.21,,,,,16.27777778
1010.41,,,,,13.24444444
1010.33,,,,,12.3
1010.43,,,,,12.20555556
1010.29,,,,,13.80555556
1009.96,,,,,19.93333333
1009.86,,,,,21.08333333
1009.47,,,,,20.07777778
1009.63,,,,,20.97777778
1009.39,,,,,23.73333333
1011.07,,,,,22.66111111
1011.35,,,,,18.03333333
1011.67,,,,,15.57222222
1015.68,,,,,13.9
1015.41,,,,,13.85555556
1014.98,,,,,15.18888889
1015.18,,,,,11.67777778
1014.64,,,,,10.78888889
1014.31,,,,,11
1014.63,,,,,12.6
1014.82,,,,,17.52222222
1014.9,,,,,22.94444444
1014.35,,,,,25.05
1014.51,,,,,25.98333333
1014.32,,,,,25.06666667
1013.93,,,,,25.21111111
1013.43,,,,,22.33333333
1013.58,,,,,20.31111111
1013.24,,,,,17.75555556
1014.14,,,,,18.17222222
1014.34,,,,,14.76111111
1011.68,,,,,15.11666667
1011.98,,,,,17.10555556
1015.64,,,,,17.29444444
1012.26,,,,,20.9
1012.63,,,,,22.65
1014.43,,,,,22.22222222
1014.73,,,,,22.86111111
1014.92,,,,,19.92222222
1014.76,,,,,17.25555556
1014.37,,,,,13.79444444
1014.83,,,,,13.35555556
1015.11,,,,,15.2
1015.14,,,,,24.81111111
1015.76,,,,,24.87222222
1016.35,,,,,23.83888889
1016.38,,,,,22.17222222
1017.23,,,,,18.46111111
1016.25,,,,,16.13333333
1016.13,,,,,15.6
1016.45,,,,,14.07222222
1016.94,,,,,14.46111111
1017.06,,,,,16.72222222
1017.45,,,,,15.48888889
1017.77,,,,,12.67222222
1017.73,,,,,22.66666667
1017.53,,,,,23.66666667
1017.31,,,,,24.93333333
1016.82,,,,,24.86111111
1016.6,,,,,24.83888889
1016.39,,,,,26.11111111
1016.33,,,,,25.91111111
1016.52,,,,,18.24444444
1016.81,,,,,17.79444444
1017.34,,,,,13.35
1017.54,,,,,16.24444444
1017.43,,,,,19.05
1016.16,,,,,20.91666667
1017.16,,,,,21.21111111
1017.28,,,,,17.89444444
1017.7,,,,,17.48888889
1017.72,,,,,15.16666667
1017.82,,,,,13.87222222
1017.3,,,,,12
1015.9,,,,,13.58333333
1015.29,,,,,14.92222222
1014.68,,,,,14.97222222
1014.78,,,,,18.77222222
1015.04,,,,,19.10555556
1015.72,,,,,18.93333333
1015.79,,,,,16.22777778
1015.95,,,,,14.30555556
1017.13,,,,,17.13888889
1015.89,,,,,19.36111111
1016.12,,,,,16.12222222
1016.23,,,,,18.08888889
1016.58,,,,,19.08333333
1016.27,,,,,22.25555556
1015.96,,,,,22.68333333
1015.34,,,,,24.78888889
1014.87,,,,,24.87777778
1015.54,,,,,24.88333333
1016.01,,,,,24.83333333
1016.96,,,,,23.61111111
1017.04,,,,,19.92777778
1017.33,,,,,11.64444444
1019.59,,,,,11.08333333
1017.25,,,,,11.32222222
1018.13,,,,,12.30555556
1018.62,,,,,12.25
1019.08,,,,,12.73888889
1019.11,,,,,12.87222222
1019.5,,,,,13.98888889
1019.86,,,,,14.91111111
1019.79,,,,,13.46111111
1019.47,,,,,15.94444444
1019.25,,,,,15.28333333
1018.67,,,,,15.01666667
1018.59,,,,,14.99444444
1019.22,,,,,14.09444444
1019.88,,,,,16.11111111
1019.91,,,,,14.33333333
1020.02,,,,,19.42222222
1020.11,,,,,15.82777778
1020.12,,,,,19.28333333
1018.38,,,,,18.76666667
1020.03,,,,,20.89444444
1020.81,,,,,19.02222222
1021.01,,,,,18.81111111
1020.94,,,,,17.15555556
1020.66,,,,,17.59444444
1020.53,,,,,16.46111111
1020.16,,,,,13.65
1019.95,,,,,14.36111111
1019.43,,,,,13.82777778
1018.97,,,,,13.43888889
1018.28,,,,,17.41111111
1017.97,,,,,20.16111111
1017.68,,,,,22.5
1017.89,,,,,21.10555556
1017.96,,,,,15.32777778
1018.31,,,,,15.40555556
1018.65,,,,,12.42222222
1018.44,,,,,12.17777778
1018.23,,,,,17.55555556
1014.58,,,,,23.74444444
1018.11,,,,,24.59444444
1017.62,,,,,23.75
1017.78,,,,,22.24444444
1017.19,,,,,19.19444444
1016.68,,,,,16.76111111
1016.08,,,,,15.14444444
1015.62,,,,,15.67222222
1014.86,,,,,16.04444444
1013.97,,,,,17.92222222
1013.18,,,,,20.92777778
1013.21,,,,,22.05
1013.75,,,,,23.66111111
1014.13,,,,,17.15
1014.06,,,,,15.67777778
1013.92,,,,,17.19444444
1013.82,,,,,19.93888889
1012.67,,,,,22.62222222
1012.98,,,,,22.16111111
1012.83,,,,,21.12222222
1013.17,,,,,22.18888889
1011.87,,,,,22.08333333
1011.19,,,,,18.01666667
1011.17,,,,,15.74444444
1011.08,,,,,15.06111111
1012.08,,,,,21.99444444
1012.64,,,,,22.27222222
1012.79,,,,,22.85
1012.56,,,,,25.95
1011.91,,,,,20.97222222
1011.72,,,,,17.7
1011.51,,,,,6.572222222
1011.59,,,,,6.15
1011.41,,,,,6.061111111
1011.25,,,,,6.1
1010.98,,,,,7.15
1010.48,,,,,6.227777778
1009.55,,,,,7.755555556
1009.04,,,,,7.788888889
1008.55,,,,,7.322222222
1008.17,,,,,7.172222222
1008.46,,,,,7.127777778
1008.94,,,,,9.044444444
1009.57,,,,,2.633333333
1009.53,,,,,8.4
1009.56,,,,,8.355555556
1009.25,,,,,8.361111111
1008.82,,,,,7.805555556
1008.84,,,,,5.35
1009.07,,,,,7.711111111
1009.23,,,,,8.805555556
1009.76,,,,,9
1009.34,,,,,7.372222222
1009.14,,,,,6.183333333
1009.01,,,,,4.183333333
1008.83,,,,,2.388888889
1008.43,,,,,2.894444444
1009.03,,,,,2.011111111
1009.42,,,,,1.833333333
1010.18,,,,,1.872222222
1010.85,,,,,2.205555556
1011.22,,,,,1.161111111
1013.46,,,,,0.566666667
1014.81,,,,,0.716666667
1014.42,,,,,0.027777778
1014.55,,,,,0.977777778
1014.44,,,,,0.194444444
1014.02,,,,,1.111111111
1013.55,,,,,2.25
1011.95,,,,,3.111111111
1012.11,,,,,6.161111111
1012.13,,,,,6.188888889
1013.08,,,,,7.3
1013.35,,,,,4.05
1013.19,,,,,2.7
1013.54,,,,,2.411111111
1011.79,,,,,2.122222222
1013.76,,,,,1.344444444
1011.39,,,,,2.372222222
1011.42,,,,,0.1
1011.65,,,,,1.372222222
1012.42,,,,,1.3
1012.97,,,,,1.011111111
1013.36,,,,,0.766666667
1013.41,,,,,0.672222222
1013.62,,,,,0.788888889
1013.28,,,,,0.85
1012.88,,,,,1.972222222
1013.73,,,,,2.044444444
1014.17,,,,,2.127777778
1014.46,,,,,2.138888889
1013.49,,,,,2.161111111
1013.64,,,,,2.233333333
1014.12,,,,,2.177777778
1014.48,,,,,2.105555556
1014.97,,,,,1.672222222
1015.66,,,,,0.95
1015.69,,,,,1.116666667
1015.59,,,,,0.533333333
1015.24,,,,,0.377777778
1014.77,,,,,-0.483333333
1015.38,,,,,-0.922222222
1015.81,,,,,-1.038888889
1015.92,,,,,-1.088888889
1007.55,,,,,-0.994444444
1015.21,,,,,-1.077777778
1014.29,,,,,-1.061111111
1013.53,,,,,0.072222222
1013.05,,,,,0.038888889
1011.92,,,,,0.044444444
1010.87,,,,,0.094444444
1008.85,,,,,0.138888889
1007.74,,,,,0.05
1006.26,,,,,0.122222222
1005.77,,,,,0
1005.19,,,,,-0.022222222
1005.49,,,,,-0.072222222
1005.45,,,,,-0.894444444
1005.65,,,,,0.438888889
1012.87,,,,,0.411111111
1006.47,,,,,-0.094444444
1007.16,,,,,-0.138888889
1007.86,,,,,-1.111111111
1008.86,,,,,-1.033333333
1010.06,,,,,-0.161111111
1010.67,,,,,0.961111111
1011.06,,,,,1.066666667
1011.03,,,,,0.983333333
1011.86,,,,,-0.838888889
1011.93,,,,,22.15555556
1014.08,,,,,15.27777778
1014.39,,,,,14.01111111
1014.18,,,,,13.68333333
1014.27,,,,,12.87777778
1014.11,,,,,11.76666667
1015.52,,,,,11.69444444
1015.47,,,,,10.88888889
1015.39,,,,,11.13888889
1016.2,,,,,12.35
1016.83,,,,,16.15
1017.12,,,,,17.17222222
1017.32,,,,,16.08333333
1018.24,,,,,14.03888889
1017.84,,,,,13.33333333
1018.47,,,,,14.45
1018.32,,,,,14.35
1018.68,,,,,14.28333333
1018.49,,,,,9.955555556
1018.35,,,,,8.916666667
1017.24,,,,,9.016666667
1017.83,,,,,8.844444444
1018.17,,,,,8.894444444
1018.37,,,,,8.855555556
1018.39,,,,,7.85
1015.16,,,,,7.361111111
1018.18,,,,,7.266666667
1018.29,,,,,7.727777778
1018.08,,,,,8.738888889
1018.66,,,,,7.877777778
1018.46,,,,,7.838888889
1018.34,,,,,7.922222222
1017.86,,,,,10.51111111
1017.26,,,,,9.422222222
1016.76,,,,,8.838888889
1016.04,,,,,7.683333333
1015.06,,,,,7.738888889
1014.36,,,,,7.866666667
1014.69,,,,,7.705555556
1008.65,,,,,8.7
1011.63,,,,,7.872222222
1011.84,,,,,7.105555556
1010.47,,,,,7.083333333
1009.69,,,,,6.55
1008.95,,,,,5.677777778
1007.57,,,,,4.994444444
1007.04,,,,,6
1007.03,,,,,8.622222222
1006.95,,,,,10.99444444
1007.62,,,,,10.86666667
1011.53,,,,,10.11111111
1011.34,,,,,11.01666667
1008.66,,,,,8.922222222
1011.04,,,,,8.305555556
1011.12,,,,,8.677777778
1010.9,,,,,7.633333333
1011.54,,,,,7.544444444
1010.89,,,,,7.638888889
1010.64,,,,,7.5
1010.56,,,,,7.177777778
1010.09,,,,,5.716666667
1009.62,,,,,5.138888889
1008.8,,,,,3.1
1008.39,,,,,3.394444444
1007.71,,,,,10.01666667
1007.66,,,,,9.927777778
1007.87,,,,,9.938888889
1008.35,,,,,8
1008.32,,,,,6.222222222
1008.16,,,,,6.233333333
1009.37,,,,,5.388888889
1008.06,,,,,5.366666667
1008.07,,,,,2.85
1007.95,,,,,1.938888889
1008.03,,,,,1.716666667
1007.73,,,,,0.65
1007.81,,,,,0.872222222
1008.02,,,,,1.044444444
1008.62,,,,,0.994444444
1008.73,,,,,1.244444444
1009.41,,,,,3.916666667
1009.79,,,,,5.672222222
1007.41,,,,,7.433333333
1009.61,,,,,10.21666667
1009.32,,,,,11.04444444
1009.12,,,,,10.81666667
1009.19,,,,,5.116666667
1008.99,,,,,3.888888889
1008.93,,,,,2.533333333
1007.52,,,,,1.9
1007.29,,,,,1.555555556
1006.83,,,,,-0.794444444
1006.16,,,,,-1.138888889
1006.32,,,,,-1.622222222
1006.71,,,,,-1.344444444
1007.17,,,,,-2.155555556
1007.38,,,,,-0.911111111
1007.32,,,,,3.85
1006.86,,,,,7.438888889
1009.54,,,,,9.844444444
1006.87,,,,,11.03333333
1009.28,,,,,8.233333333
1009.72,,,,,6.294444444
1010.77,,,,,7.066666667
1010.97,,,,,6.672222222
1010.28,,,,,6.577777778
1009.78,,,,,5.527777778
1009.92,,,,,5.577777778
1010.08,,,,,5.533333333
1010.49,,,,,5.516666667
1012.57,,,,,5.994444444
1013.15,,,,,5.905555556
1013.59,,,,,5.833333333
1013.32,,,,,9.838888889
1013.22,,,,,7.655555556
0,,,,,13.97222222
1012.28,,,,,13.89444444
1013.79,,,,,14.38888889
1014.61,,,,,13.96666667
1015.48,,,,,13.97777778
1015.17,,,,,16.03333333
1014.96,,,,,15.97222222
1015.58,,,,,13.29444444
1015.88,,,,,7.088888889
1015.99,,,,,6.644444444
1012.82,,,,,6.638888889
1015.98,,,,,7.072222222
1015.71,,,,,7.861111111
1015.49,,,,,8.911111111
1015.46,,,,,9.944444444
1014.56,,,,,9.95
1013.07,,,,,9.088888889
1012.46,,,,,7.588888889
1012.58,,,,,7.533333333
1012.41,,,,,6.522222222
1012.59,,,,,6.655555556
1012.39,,,,,6.516666667
1012.65,,,,,6.933333333
1012.47,,,,,6.666666667
1012.91,,,,,4.622222222
1012.36,,,,,3.538888889
1011.74,,,,,3.711111111
1011.73,,,,,7.611111111
1011.99,,,,,9.811111111
1015.42,,,,,12.01111111
1012.48,,,,,10.29444444
1012.81,,,,,6.25
1013.44,,,,,4.177777778
1015.15,,,,,2.755555556
1016.78,,,,,2.2
1016.49,,,,,2.005555556
1016.69,,,,,1.711111111
1017.27,,,,,13.27777778
1017.88,,,,,12.83888889
1017.85,,,,,13.88333333
1018.19,,,,,14.15555556
1018.15,,,,,13.64444444
1016.77,,,,,13.26666667
1017.07,,,,,10.18333333
1016.14,,,,,10.4
1017.94,,,,,10.67222222
1008.14,,,,,10.14444444
1008.38,,,,,9.755555556
1007.64,,,,,10.05555556
1009.31,,,,,10.98333333
1009.21,,,,,12.76111111
1009.38,,,,,17.65555556
1009.02,,,,,17.77222222
1009,,,,,17.21111111
1008.75,,,,,11.45
1009.29,,,,,9.122222222
1017.18,,,,,9.033333333
1016.59,,,,,8.322222222
1016.34,,,,,6.927777778
1016.74,,,,,6.905555556
1016.71,,,,,6.711111111
1016.61,,,,,5.744444444
1015.91,,,,,6.238888889
1016.18,,,,,8.75
1014.74,,,,,10.74444444
1014.62,,,,,15.95
1016.93,,,,,17.01666667
1018.2,,,,,19.84444444
1017.76,,,,,19.97222222
1019.16,,,,,13
1018.74,,,,,13.66111111
1019.29,,,,,13.26111111
1019.01,,,,,13.72777778
1017.99,,,,,18.92777778
1017.66,,,,,12.84444444
1016.11,,,,,11.73333333
1015.78,,,,,10.5
1016.44,,,,,10.48888889
1016.42,,,,,17.66111111
1016.05,,,,,19.83333333
1015.86,,,,,21.15555556
1015.97,,,,,21.05555556
1016.03,,,,,16.16666667
1015.01,,,,,14.04444444
1014.21,,,,,12.98888889
1014.3,,,,,12.25555556
1015.08,,,,,11.70555556
1016.29,,,,,12.63888889
1016.32,,,,,23.90555556
1016.62,,,,,22.92777778
1016.97,,,,,20.11111111
1016.73,,,,,14.47222222
1016.7,,,,,20.39444444
1015.09,,,,,17.76666667
1015.36,,,,,16.61666667
1015.07,,,,,19.76111111
1015.26,,,,,21.83888889
1014.85,,,,,22.39444444
1011.46,,,,,24.26666667
1011.78,,,,,24.63888889
1011.49,,,,,25.70555556
1011.15,,,,,26.02777778
1009.87,,,,,26.83333333
1009.36,,,,,26.73888889
1008.64,,,,,26.55555556
1009.18,,,,,25.62777778
1008.44,,,,,22.45555556
1009.24,,,,,20.87777778
1010.38,,,,,20.81111111
1010.12,,,,,19.81666667
1010.76,,,,,18.75555556
1010.71,,,,,14.71666667
1010.88,,,,,14.07777778
1010.61,,,,,16.07222222
1010.68,,,,,18.63333333
1010.25,,,,,23.42777778
1009.49,,,,,22.43333333
1010.23,,,,,22.77222222
1010.63,,,,,19.85555556
1010.37,,,,,17.23888889
1010.82,,,,,16.67777778
1011.02,,,,,20.83333333
1011.01,,,,,22.52777778
1011.38,,,,,25.73333333
1011.36,,,,,25.81111111
1011.21,,,,,21.48333333
1010.15,,,,,20.94444444
1010.72,,,,,19.75555556
1011.13,,,,,18.28888889
1011.26,,,,,17.16111111
1011.43,,,,,17.6
1011.77,,,,,17.64444444
1010.78,,,,,20.96111111
1008.91,,,,,21.57222222
1008.79,,,,,23.21111111
1008.42,,,,,17.70555556
1007.77,,,,,17.74444444
1008.45,,,,,21.36111111
1004.72,,,,,22.15
1005.79,,,,,22.02222222
1005.36,,,,,17.67777778
1006.15,,,,,18.81666667
1006.97,,,,,19.68888889
1008.12,,,,,22.06666667
1008.18,,,,,16.53333333
1008.59,,,,,15.98333333
1009.64,,,,,15.86111111
1010.11,,,,,18.09444444
1008.88,,,,,14.49444444
1008.67,,,,,14.35555556
1008.19,,,,,14.85555556
1005.68,,,,,15.9
1005.02,,,,,18.89444444
1004.12,,,,,22.44444444
1003.33,,,,,22.13333333
1002.93,,,,,21.02777778
1002.35,,,,,18.25555556
1003.04,,,,,17.07222222
1003.02,,,,,15.51111111
1001.94,,,,,14.52777778
1014.72,,,,,14.16111111
1008.47,,,,,14.8
1008.22,,,,,14.77777778
1008.53,,,,,15.76666667
1009.68,,,,,20.96666667
1010.53,,,,,19.26111111
1014.33,,,,,17.98333333
1015.45,,,,,14.23888889
1019.31,,,,,12.80555556
1016.22,,,,,12.37777778
1017.1,,,,,11.71666667
1017.05,,,,,11.19444444
1017.4,,,,,10.58333333
1017.35,,,,,14.74444444
1018.92,,,,,22.71111111
1019.41,,,,,22.78888889
1000.81,,,,,15.38333333
1001.41,,,,,14.11666667
1007.96,,,,,12.22777778
1002.68,,,,,12.78333333
1002.46,,,,,13.73888889
1003.36,,,,,22.07777778
1003.74,,,,,24.02777778
1003.22,,,,,22.21666667
1004.13,,,,,20.02222222
1004.59,,,,,18.98888889
1004.91,,,,,17.86111111
1004.34,,,,,18.72777778
1004.95,,,,,20.88888889
1005.32,,,,,22.53333333
1005.04,,,,,23.41666667
1005.57,,,,,23.68888889
1006.05,,,,,24.80555556
1006.58,,,,,25.53333333
1006.79,,,,,25.77777778
1008.74,,,,,18.9
1009.51,,,,,18.35
1008.96,,,,,16.85555556
1009.43,,,,,16.38333333
1010.19,,,,,21.32222222
1010.13,,,,,22.96666667
1010.46,,,,,22.72777778
1010.27,,,,,18.98333333
1009.81,,,,,17.68888889
1010.35,,,,,15.77222222
1011.69,,,,,15.71111111
1009.59,,,,,21.68333333
1011.29,,,,,24.63333333
1011.57,,,,,25.97222222
1010.01,,,,,26.06111111
1009.97,,,,,22.83888889
1009.88,,,,,16.65
1009.95,,,,,15.1
1005.11,,,,,16.23333333
1008.58,,,,,12.86666667
1006.61,,,,,12.16111111
1006.43,,,,,11.22222222
1006.24,,,,,10.06666667
1006.27,,,,,10.50555556
1005.59,,,,,9.994444444
1004.14,,,,,14.7
1004.31,,,,,11.42777778
1003.89,,,,,10.06111111
1004.09,,,,,5.972222222
1004.22,,,,,5.255555556
1004.25,,,,,3.844444444
1004.35,,,,,4.844444444
1007.33,,,,,8.466666667
1004.15,,,,,17.18888889
1003.95,,,,,17.30555556
1004.32,,,,,9.194444444
1004.81,,,,,6.555555556
1004.94,,,,,6.133333333
1005.23,,,,,4.972222222
1005.35,,,,,4.511111111
1005.62,,,,,4.311111111
1005.78,,,,,4.927777778
1006.03,,,,,7.033333333
1006.44,,,,,12.33888889
1007.51,,,,,13.09444444
1010.66,,,,,12.85555556
1007.92,,,,,11.17222222
1007.72,,,,,9.616666667
1008.09,,,,,12.02222222
1008.21,,,,,16.96666667
1009.11,,,,,12.90555556
1009.33,,,,,12.70555556
1038.06,,,,,12.23333333
1034.84,,,,,10.45555556
1037.85,,,,,10.96666667
1037.67,,,,,10.41111111
1037.47,,,,,8.861111111
1037.23,,,,,8.788888889
1037.36,,,,,19.77222222
1037.82,,,,,14.1
1037.99,,,,,14.37777778
1037.93,,,,,13.32777778
1037.71,,,,,11.10555556
1037.1,,,,,11.57222222
1036.65,,,,,11.86111111
1036.2,,,,,11.92777778
1035.9,,,,,12.41666667
1035.71,,,,,20.93888889
1035.69,,,,,12.41111111
1035.53,,,,,9.466666667
1035.61,,,,,9.294444444
1035.6,,,,,8.377777778
1035.49,,,,,7.966666667
1035.22,,,,,6.716666667
1035.18,,,,,6.461111111
1030.15,,,,,6.205555556
1017.64,,,,,12.21111111
1017.9,,,,,15.88888889
1021.31,,,,,22.19444444
1022.4,,,,,18.95555556
1022.85,,,,,13.13888889
1023.94,,,,,18.29444444
1024.55,,,,,19.01666667
1025.05,,,,,18.82777778
1025.47,,,,,19.64444444
1026.34,,,,,23.62777778
1027.73,,,,,25.66111111
1028.53,,,,,27.53333333
1029.21,,,,,28.62222222
1030.02,,,,,28.42222222
1030.79,,,,,28.73333333
1031.4,,,,,23.06111111
1032,,,,,19.11111111
1033.18,,,,,19.06111111
1033.41,,,,,18.96666667
1033.2,,,,,5.094444444
1029.78,,,,,19.80555556
1033.43,,,,,21.13333333
1033.42,,,,,22.87777778
1033.39,,,,,22.84444444
1033.32,,,,,22.98888889
1032.93,,,,,13.22777778
1033.09,,,,,10.85555556
1033.21,,,,,18.36111111
1033.4,,,,,17.37777778
1033.3,,,,,18.77777778
1032.3,,,,,22.09444444
1031.42,,,,,22.57777778
1031.02,,,,,26.97777778
1030.3,,,,,-1.016666667
1029.81,,,,,-0.972222222
1029.84,,,,,-1.566666667
1029.6,,,,,-1.6
1029.61,,,,,-1.161111111
1029.48,,,,,-1.133333333
1029.53,,,,,-2.122222222
1029.52,,,,,-2.15
1029.58,,,,,-2.2
1029.43,,,,,-1.188888889
1029.02,,,,,-0.133333333
1030.78,,,,,-1.25
1029,,,,,-1.688888889
1028.84,,,,,-1.183333333
1028.67,,,,,-1.744444444
1028.63,,,,,-1.711111111
1028.88,,,,,-1.205555556
1028.83,,,,,-1.866666667
1029.23,,,,,-2.244444444
1029.79,,,,,-2.238888889
1029.75,,,,,-1.322222222
1029.7,,,,,-1.155555556
1029.3,,,,,-0.25
1029.15,,,,,-1
1029.44,,,,,0.633333333
1029.55,,,,,-1.644444444
1029.2,,,,,-1.766666667
1030.31,,,,,-2.161111111
1030.25,,,,,-0.211111111
1030.57,,,,,0.022222222
1030.86,,,,,0.15
1031.08,,,,,0.255555556
1030.9,,,,,0.188888889
1035.41,,,,,0.6
1031.56,,,,,0.677777778
1031.47,,,,,2.5
1031.23,,,,,1.183333333
1031.41,,,,,1.133333333
1031.98,,,,,1.127777778
1032.22,,,,,1.272222222
1032.88,,,,,2.288888889
1033.29,,,,,2.266666667
1033.92,,,,,1.805555556
1034.08,,,,,2.222222222
1033.5,,,,,2.627777778
1033.54,,,,,2.805555556
1033.66,,,,,3.233333333
1033.6,,,,,3.288888889
1034.23,,,,,1.816666667
1034.57,,,,,2.777777778
1034.78,,,,,2.294444444
1034.92,,,,,2.144444444
1035.39,,,,,2.111111111
1036.02,,,,,1.288888889
1036.18,,,,,2.305555556
1036.29,,,,,1.688888889
1036.63,,,,,-0.288888889
1036.39,,,,,7.005555556
1036.19,,,,,7.616666667
1036.11,,,,,3.083333333
1036.66,,,,,2.616666667
1036.9,,,,,2.316666667
1037.5,,,,,-0.488888889
1037.68,,,,,-0.127777778
1037.09,,,,,1.622222222
1037.04,,,,,1.6
1036.28,,,,,0.927777778
1036.54,,,,,0.922222222
1036.5,,,,,0.822222222
1036.31,,,,,0.9
1036.61,,,,,1.016666667
1036.96,,,,,1.205555556
1036.81,,,,,2.872222222
1034.34,,,,,3.744444444
1036.79,,,,,2.8
1036.89,,,,,0.472222222
1036.78,,,,,-1.9
1036.69,,,,,-1.3
1036.58,,,,,-0.9
1036.51,,,,,-0.438888889
1037.44,,,,,1.005555556
1036.13,,,,,-0.394444444
1035.8,,,,,-0.372222222
1035.31,,,,,-0.311111111
1035.35,,,,,-1.95
1035.14,,,,,-2
1035.37,,,,,-1.011111111
1035.21,,,,,2.838888889
1035.04,,,,,3.705555556
1034.72,,,,,3.883333333
1029.92,,,,,2.844444444
1033.26,,,,,1.355555556
1032.43,,,,,1.072222222
1032.14,,,,,1.055555556
1032.36,,,,,1.138888889
1032.61,,,,,0.627777778
1032.23,,,,,0.683333333
1032.62,,,,,1.083333333
1032.13,,,,,3.938888889
1031.71,,,,,3.961111111
1031.16,,,,,4.005555556
1030.7,,,,,2.544444444
1030.14,,,,,-0.666666667
1030,,,,,-0.966666667
1030.06,,,,,-0.527777778
1030.11,,,,,-0.294444444
1029.82,,,,,-1.272222222
1029.65,,,,,-1.777777778
1029.69,,,,,-2.233333333
1026.38,,,,,-2.966666667
1029.01,,,,,-1.661111111
1028.81,,,,,-3.322222222
1028.39,,,,,-2.65
1028.01,,,,,-2.583333333
1027.72,,,,,-2.333333333
1027.67,,,,,-0.694444444
1028.11,,,,,0.227777778
1028.13,,,,,2.65
1028.6,,,,,2.511111111
1028.46,,,,,1.788888889
1028.31,,,,,1.694444444
1027.48,,,,,1.15
1027.26,,,,,1.427777778
1027.24,,,,,1.983333333
1027.4,,,,,1.75
1027.22,,,,,2.827777778
1027.21,,,,,3.094444444
1027.36,,,,,2.722222222
1027.37,,,,,2.766666667
1027,,,,,2.194444444
1026.61,,,,,1.705555556
1025.94,,,,,1.955555556
1024.07,,,,,3.811111111
1025.59,,,,,2.816666667
1025.29,,,,,3.361111111
1024.73,,,,,1.733333333
1024.35,,,,,2.727777778
1024.34,,,,,0.744444444
1024.24,,,,,1.933333333
1024.65,,,,,-0.844444444
1024.52,,,,,-0.961111111
1023.96,,,,,-1.638888889
1023.54,,,,,-0.316666667
1023.03,,,,,0.527777778
1023.08,,,,,2.488888889
1023.19,,,,,1.794444444
1023.3,,,,,3.016666667
1023.42,,,,,0.577777778
1023.62,,,,,-1.694444444
1023.59,,,,,-2.511111111
1023.65,,,,,-2.322222222
1023.83,,,,,-4.733333333
1023.8,,,,,-5
1023.64,,,,,-4.461111111
1027.82,,,,,-5.844444444
1023.52,,,,,-5.461111111
1023.07,,,,,-3.622222222
1023.22,,,,,-3.305555556
1023.51,,,,,-5.888888889
1023.6,,,,,-3.494444444
1023.91,,,,,-3.761111111
1024.31,,,,,-7
1024.66,,,,,-2.172222222
1024.46,,,,,-1.072222222
1024.57,,,,,2.272222222
1024.79,,,,,3.066666667
1025.27,,,,,0.2
1025.72,,,,,-0.266666667
1026.29,,,,,-2.216666667
1026.68,,,,,-3.016666667
1027.8,,,,,-4.933333333
1028.2,,,,,-5.094444444
1028.5,,,,,-6.116666667
1034.7,,,,,-6.65
1028.86,,,,,-5.716666667
1033.81,,,,,-7.622222222
1032.81,,,,,-8.594444444
1032.51,,,,,-7.3
1032.54,,,,,-5.605555556
1032.41,,,,,-5.344444444
1032.49,,,,,-5.005555556
1031.79,,,,,-2.922222222
1031.21,,,,,-2.755555556
1030.28,,,,,-2.733333333
1029.5,,,,,-2.811111111
1028.78,,,,,-2.8
1028.79,,,,,-2.777777778
1028.89,,,,,-2.888888889
1028.92,,,,,-3.816666667
1028.68,,,,,-4.277777778
1028.41,,,,,-4.305555556
1028.51,,,,,-3
1031.59,,,,,-4.255555556
1029.13,,,,,-4.3
1029.51,,,,,-3.744444444
1029.39,,,,,-2.727777778
1030.03,,,,,-2.794444444
1030.51,,,,,-0.105555556
1031.32,,,,,2.094444444
1032.45,,,,,1.25
1032.4,,,,,-1.116666667
1032.07,,,,,-1.288888889
1031.26,,,,,-2.822222222
1031.65,,,,,-2.716666667
1032.15,,,,,-3.4
1032.42,,,,,-2.133333333
1032.84,,,,,3.944444444
1032.99,,,,,-1.627777778
1032.6,,,,,-2.127777778
1032.32,,,,,-2.105555556
1032.5,,,,,-2.094444444
1039.69,,,,,-2.061111111
1032.33,,,,,1.227777778
1032.83,,,,,1.316666667
1033.11,,,,,2.905555556
1033.72,,,,,2.933333333
1034.38,,,,,3.95
1035.94,,,,,3.166666667
1036.64,,,,,3.927777778
1036.94,,,,,5.016666667
1036.82,,,,,4.505555556
1038.13,,,,,4.45
1039.03,,,,,-3.35
1039.54,,,,,-4.177777778
1040.03,,,,,-2.361111111
1040.35,,,,,-2.072222222
1040.54,,,,,-3.861111111
1040.63,,,,,-4.044444444
1040.76,,,,,-3.838888889
1041.05,,,,,-2.288888889
1041.19,,,,,-1.366666667
1041.44,,,,,-0.988888889
1041.35,,,,,1.377777778
1041.46,,,,,2.277777778
1041.24,,,,,0.655555556
1041.13,,,,,-0.533333333
1041.32,,,,,-1.1
1041.55,,,,,-1.655555556
1041.84,,,,,-2.255555556
1041.94,,,,,-3.272222222
1041.63,,,,,-3.377777778
1041.34,,,,,-3.355555556
1041.08,,,,,-2.638888889
1040.92,,,,,-4.488888889
1041.01,,,,,-5.072222222
1041.28,,,,,-5.477777778
1041.22,,,,,-5.05
1041.42,,,,,-4.983333333
1041.59,,,,,-4.888888889
1041.9,,,,,-3.888888889
1041.75,,,,,-2.222222222
1041.51,,,,,-0.05
1041.49,,,,,0.238888889
1041.54,,,,,1.177777778
1041.7,,,,,0.327777778
1042.2,,,,,-0.827777778
1042.31,,,,,-2.011111111
1041.6,,,,,-1.5
1041.43,,,,,-0.95
1041.1,,,,,-0.672222222
1040.95,,,,,4.555555556
1041.15,,,,,6.272222222
1041.26,,,,,5.622222222
1041.16,,,,,5.688888889
1041.21,,,,,5.155555556
1040.81,,,,,6.166666667
1038.87,,,,,8.005555556
1040.36,,,,,10.91666667
1040.07,,,,,9.805555556
1039.45,,,,,8.711111111
1039.01,,,,,7.122222222
1038.97,,,,,5.661111111
1038.56,,,,,6.766666667
1038.66,,,,,6.994444444
1038.53,,,,,9.988888889
1038.11,,,,,8.955555556
1037.41,,,,,8.022222222
1036.93,,,,,7.25
1036.01,,,,,6.594444444
1035.28,,,,,5.466666667
1034.86,,,,,5.783333333
1034.71,,,,,4.861111111
1034.26,,,,,4.888888889
1034.2,,,,,4.827777778
1033.73,,,,,5.911111111
1032.9,,,,,4.822222222
1032.95,,,,,13.5
1032.24,,,,,11.34444444
1031.94,,,,,4.755555556
1031.3,,,,,4.588888889
1031.2,,,,,5.027777778
1031.43,,,,,5.222222222
1031.8,,,,,4.711111111
1032.25,,,,,5.955555556
1032.21,,,,,8.477777778
1030.81,,,,,12.97222222
1031.85,,,,,12.35555556
1031.9,,,,,9.027777778
1031.05,,,,,7.366666667
1032.44,,,,,6.5
1032.85,,,,,5.655555556
1032.1,,,,,5.111111111
1033.49,,,,,5.088888889
1032.52,,,,,6.422222222
1033.91,,,,,3.955555556
1034.12,,,,,3.055555556
1034.52,,,,,2.911111111
1034.67,,,,,3.966666667
1033.82,,,,,15.21111111
1035.33,,,,,15.11111111
1035.83,,,,,12.67777778
1036.24,,,,,12.06111111
1037.28,,,,,8.194444444
1037.78,,,,,6.127777778
1038.68,,,,,6.055555556
1038.38,,,,,10.95
1036.38,,,,,14.19444444
1037.98,,,,,14.08888889
1038.17,,,,,12.93333333
1036.92,,,,,11.45555556
1038.92,,,,,11.2
1039.32,,,,,-2.144444444
1038.04,,,,,-2.466666667
1039.57,,,,,-2.744444444
1039.82,,,,,-2.188888889
1038.19,,,,,-2.038888889
1039.71,,,,,-2.672222222
1039.67,,,,,-2.605555556
1038.03,,,,,-2.433333333
1038.96,,,,,-2.472222222
1038.76,,,,,-2.405555556
1038.1,,,,,-2.261111111
1037.9,,,,,-1.172222222
1036.8,,,,,-0.033333333
1037.86,,,,,-1.022222222
1038.01,,,,,-2.311111111
1038.36,,,,,-1.377777778
1037.81,,,,,-2.383333333
1037.01,,,,,-1.922222222
1035.4,,,,,-2.783333333
1035.3,,,,,-1.277777778
1035.66,,,,,-2.805555556
1035.26,,,,,-2.761111111
1035.36,,,,,-2.711111111
1035.1,,,,,-2.766666667
1035.19,,,,,-2.688888889
1034.05,,,,,-2.527777778
1034.19,,,,,-0.883333333
1033.61,,,,,0.222222222
1033.57,,,,,0.244444444
1032.7,,,,,0.483333333
1032.82,,,,,0.177777778
1032.87,,,,,-0.077777778
1032.91,,,,,-1.544444444
1032.29,,,,,-4.25
1030.64,,,,,-1.594444444
1029.29,,,,,-1.805555556
1029.25,,,,,-2.411111111
1029.08,,,,,0.116666667
1028.69,,,,,0.988888889
1028.55,,,,,-3.227777778
1028.3,,,,,-3.288888889
1027.91,,,,,-4.261111111
1027.06,,,,,-3.394444444
1027.03,,,,,-4.35
1026.99,,,,,-3.794444444
1027.32,,,,,-4.661111111
1027.97,,,,,1.255555556
1029.67,,,,,1.216666667
1030.33,,,,,1.061111111
1030.75,,,,,-0.155555556
1031.61,,,,,-0.627777778
1033.34,,,,,-1.105555556
1033.95,,,,,-3.655555556
1034.62,,,,,-3.733333333
1035.73,,,,,-4.238888889
1036.25,,,,,-3.755555556
1036.43,,,,,-4.822222222
1020.07,,,,,-3.822222222
1027.69,,,,,-4.966666667
1027.11,,,,,1.077777778
1026.89,,,,,-2.816666667
1026.85,,,,,-2.827777778
1026.53,,,,,-3.75
1026.67,,,,,-4.283333333
1026.45,,,,,-4.705555556
1025.93,,,,,-3.711111111
1025.38,,,,,-2.4
1024.85,,,,,-2.266666667
1024.12,,,,,-3.561111111
1022.98,,,,,-2.177777778
1022.71,,,,,1.088888889
1022.34,,,,,1.155555556
1021.76,,,,,-0.027777778
1021.42,,,,,-0.116666667
1020.96,,,,,-1.227777778
1020.59,,,,,-1.616666667
1020.42,,,,,-1.761111111
1036.68,,,,,-2.85
1037.02,,,,,-4.861111111
1037.21,,,,,-4.866666667
1037.29,,,,,-3.827777778
1037.46,,,,,-2.694444444
1037.94,,,,,-2.066666667
1038.67,,,,,-0.866666667
1039.44,,,,,-0.955555556
1039.36,,,,,-0.005555556
1037.92,,,,,0.011111111
1037.66,,,,,0.511111111
1037.79,,,,,0.127777778
1037.8,,,,,1.305555556
1037.3,,,,,1.266666667
1036.83,,,,,2.355555556
1036.3,,,,,2.45
1035.89,,,,,2.422222222
1035.56,,,,,2.4
1034.77,,,,,3.033333333
1035.42,,,,,2.866666667
1036.22,,,,,2.95
1036.67,,,,,3.405555556
1036.48,,,,,3.366666667
1035.78,,,,,2.861111111
1035.32,,,,,0.916666667
1035.75,,,,,3.255555556
1035.95,,,,,3.633333333
1035.01,,,,,2.772222222
1034.33,,,,,3.822222222
1019.13,,,,,5.988888889
1017.63,,,,,7.355555556
1016.63,,,,,7.211111111
1016.26,,,,,4.022222222
1014.15,,,,,2.405555556
1015.43,,,,,1.422222222
1018.57,,,,,0.811111111
1015.67,,,,,1.444444444
1015.8,,,,,0.761111111
1016.06,,,,,0.666666667
1016.75,,,,,2.322222222
1017.93,,,,,2.416666667
1018.86,,,,,2.216666667
1019.17,,,,,1.338888889
1019.12,,,,,4.955555556
1018.88,,,,,12.26111111
1019.05,,,,,11.23333333
1019.34,,,,,7.955555556
1019.37,,,,,7.283333333
1019.62,,,,,4.833333333
1019.45,,,,,2.683333333
1019.27,,,,,3.827777778
1019.26,,,,,1.761111111
1019.57,,,,,3.072222222
1019.46,,,,,4.283333333
1015.02,,,,,9.894444444
1015.56,,,,,10.13333333
1015.65,,,,,7.555555556
1015.93,,,,,7.6
1016.87,,,,,-4.466666667
1017.61,,,,,-2.916666667
1018.61,,,,,-2.894444444
1018.81,,,,,-2.877777778
1018.69,,,,,-2.938888889
1017.98,,,,,-2.872222222
1017.08,,,,,-2.844444444
1017.51,,,,,-3.855555556
1015.33,,,,,-4.4
1016.91,,,,,-4.422222222
1016.65,,,,,4.561111111
1016.86,,,,,5.733333333
1017.14,,,,,3.383333333
1017.02,,,,,3.311111111
1015.23,,,,,2.361111111
1014.93,,,,,6.083333333
1014.84,,,,,8.883333333
1014.94,,,,,13.83333333
1014.03,,,,,14.08333333
1013.52,,,,,9.094444444
1013.78,,,,,8.905555556
1013.83,,,,,8.266666667
1013.84,,,,,6.544444444
1015.27,,,,,5.961111111
1025.18,,,,,4.377777778
1023.23,,,,,10.08333333
1025.19,,,,,6.705555556
1025.25,,,,,2.344444444
1024.88,,,,,4.544444444
1024.87,,,,,4.95
1025.15,,,,,4.083333333
1025.79,,,,,7.027777778
1026.03,,,,,7.666666667
1026.23,,,,,6.283333333
1026.5,,,,,4.072222222
1026.52,,,,,1.544444444
1026.11,,,,,0.644444444
1024.92,,,,,0.555555556
1024.62,,,,,-0.044444444
1024.22,,,,,-0.1
1024.42,,,,,4.366666667
1024.33,,,,,4.027777778
1024.15,,,,,2.955555556
1024.13,,,,,1.105555556
1024.11,,,,,2.561111111
1009.46,,,,,2.883333333
1010.45,,,,,3.894444444
1012.29,,,,,4.983333333
1012.78,,,,,5.005555556
1013.09,,,,,5.916666667
1013.57,,,,,3.466666667
1014.01,,,,,3.261111111
1021.77,,,,,2.15
1015.19,,,,,2.261111111
1016.95,,,,,1.644444444
1018.5,,,,,1.222222222
1018.72,,,,,2.227777778
1018.96,,,,,2.733333333
1019.39,,,,,2.077777778
1019.68,,,,,-1.683333333
1020.17,,,,,0.622222222
1020.47,,,,,1.027777778
1021.05,,,,,1.144444444
1021.44,,,,,2.672222222
1021.56,,,,,0.005555556
1021.94,,,,,-0.65
1022.52,,,,,-1.738888889
1022.38,,,,,-3.527777778
1022.67,,,,,-2.294444444
1022.97,,,,,-3.916666667
1023.39,,,,,-3.772222222
1023.18,,,,,0.111111111
1023.32,,,,,-2.3
1023.95,,,,,-3.988888889
1024.05,,,,,-4.038888889
1023.57,,,,,-4.016666667
1023.28,,,,,-4.066666667
1022.45,,,,,-4.077777778
1022.16,,,,,-3.961111111
1022.12,,,,,-2.327777778
1022.17,,,,,-2.227777778
1022.47,,,,,-2.622222222
1022.26,,,,,-4.372222222
1022.29,,,,,-4.833333333
1022.49,,,,,-4.905555556
1022.57,,,,,-3.5
1022.77,,,,,-4.361111111
1023.68,,,,,-4.883333333
1022.84,,,,,-3.911111111
1022.68,,,,,-4.022222222
1022.65,,,,,-3.927777778
1022.46,,,,,-2.788888889
1022.74,,,,,-3.333333333
1023.37,,,,,-3.388888889
1023.16,,,,,-4.855555556
1022.94,,,,,-4.377777778
1022.76,,,,,-3.933333333
1022.75,,,,,-3.972222222
1022.99,,,,,-3.955555556
1024.01,,,,,-3.922222222
1024.23,,,,,-3.883333333
1024.4,,,,,-3.811111111
1024.02,,,,,-2.944444444
1023.12,,,,,-3.461111111
1022.72,,,,,-8.477777778
1022.64,,,,,-5.466666667
1023.02,,,,,-6.533333333
1023.44,,,,,-7.7
1023.76,,,,,-6.022222222
1023.85,,,,,-6.122222222
1023.86,,,,,-6.105555556
1023.73,,,,,-6.072222222
1023.81,,,,,-4.722222222
1024.25,,,,,-2.666666667
1024.44,,,,,-2.116666667
1024.63,,,,,-2.683333333
1024.64,,,,,-5.011111111
1023.82,,,,,-7.105555556
1023.7,,,,,-7.222222222
1023.5,,,,,-7.805555556
1023.46,,,,,-8.772222222
1023.38,,,,,-10.30555556
1023.66,,,,,-9.444444444
1023.55,,,,,-9.572222222
1022.88,,,,,-9.861111111
1022.07,,,,,-9.833333333
1020.99,,,,,-9.883333333
1019.93,,,,,-8.75
1019.53,,,,,-7.083333333
1017.55,,,,,-2.277777778
1016.28,,,,,-5.077777778
1012.89,,,,,-6.066666667
1008.63,,,,,-6.983333333
1005.66,,,,,-7.316666667
1004.82,,,,,-7.938888889
1004.05,,,,,-8.577777778
1003.82,,,,,-9.538888889
1002.32,,,,,-11.08333333
1001.81,,,,,-5.577777778
1000.31,,,,,-10.80555556
999.53,,,,,-11.82222222
999.04,,,,,-11.85555556
999.24,,,,,-13.41666667
999.44,,,,,-13.92777778
999.36,,,,,-12.88888889
999.77,,,,,-10.17222222
1000.16,,,,,-7.261111111
1000.01,,,,,-5.044444444
1007.22,,,,,-1.2
1000.91,,,,,-2.772222222
1000.44,,,,,-4.333333333
1000.07,,,,,-4.355555556
998.95,,,,,-4.327777778
998.86,,,,,-2.9
998.29,,,,,-0.905555556
997.85,,,,,-1.55
999.09,,,,,-1.466666667
1001.27,,,,,-1.527777778
1003.16,,,,,-1.577777778
1004.87,,,,,-2.961111111
1007.58,,,,,-2.083333333
1009.08,,,,,-1.05
1009.17,,,,,-1.872222222
1011.37,,,,,-1.355555556
1012.04,,,,,-0.933333333
1010.92,,,,,-1.916666667
1010.65,,,,,1.666666667
1010.84,,,,,2.072222222
1011.09,,,,,2.788888889
1010.74,,,,,6.95
1011.82,,,,,5.472222222
1012.99,,,,,5.422222222
1012.45,,,,,-1.177777778
1012.27,,,,,-1.211111111
1012.06,,,,,0.016666667
1012.17,,,,,1.188888889
1020.93,,,,,2.761111111
1022.73,,,,,2.927777778
1022.15,,,,,2.877777778
1021.54,,,,,-1.75
1021.14,,,,,-1.45
1021.06,,,,,-4
1020.95,,,,,-4.505555556
1020.75,,,,,-4.761111111
1020.54,,,,,-3.938888889
1020.14,,,,,-2.905555556
1020,,,,,-2.494444444
1019.54,,,,,-2.377777778
1019.23,,,,,0.161111111
1019.32,,,,,-0.461111111
1019.81,,,,,-0.066666667
1019.72,,,,,-0.555555556
1020.22,,,,,-1.572222222
1020.23,,,,,1.172222222
1011.66,,,,,-0.038888889
1010.96,,,,,-0.577777778
1010.51,,,,,-0.611111111
1009.93,,,,,-0.677777778
1010.34,,,,,-1.083333333
1013.77,,,,,-1.055555556
1014.59,,,,,-0.816666667
1013.98,,,,,0.25
1013.68,,,,,-0.061111111
1013.72,,,,,-3.605555556
1013.86,,,,,-0.605555556
1020.24,,,,,-0.172222222
1017.52,,,,,-0.144444444
1018.02,,,,,-0.166666667
1018.16,,,,,-0.15
1018.26,,,,,-0.088888889
1018.63,,,,,-0.122222222
1018.75,,,,,-3.233333333
1019.04,,,,,-3.644444444
1020.04,,,,,-4.838888889
1020.72,,,,,-5.322222222
1020.97,,,,,-5.172222222
1021.21,,,,,-4.133333333
1021.32,,,,,-2.75
1021.07,,,,,-3.244444444
1021.13,,,,,-4.116666667
1021.17,,,,,-3.844444444
1021.82,,,,,-3.805555556
1021.83,,,,,-4.388888889
1021.35,,,,,-3.705555556
1021.53,,,,,-3.694444444
1021.43,,,,,-3.266666667
1021.2,,,,,-3.116666667
1021,,,,,-0.6
1020.21,,,,,0.488888889
1020.13,,,,,1.238888889
1020.43,,,,,2.833333333
1020.35,,,,,3.855555556
1019.4,,,,,1.755555556
1018.8,,,,,0.144444444
1016.46,,,,,0.694444444
1013.16,,,,,-4.211111111
1012.77,,,,,-0.977777778
1012.95,,,,,-1.066666667
1013.51,,,,,-0.872222222
1011.89,,,,,-2.644444444
1009.82,,,,,-3.866666667
1009.52,,,,,2.35
1009.45,,,,,5.966666667
1008.27,,,,,5.95
1008.37,,,,,6.733333333
1009.06,,,,,5.927777778
1010.04,,,,,6.944444444
1011.24,,,,,7.016666667
1016.67,,,,,6.538888889
1012.16,,,,,4.866666667
1012.53,,,,,2.855555556
1014.04,,,,,2.311111111
1015.12,,,,,-5.444444444
1015.05,,,,,-1.733333333
1015.6,,,,,-5.488888889
1013.89,,,,,-5.483333333
1010.58,,,,,-4.95
1009.67,,,,,-2.1
1008.26,,,,,-2.044444444
1007.35,,,,,0.155555556
1020.33,,,,,0.133333333
1020.41,,,,,-1.044444444
1019.82,,,,,-1.027777778
1019.71,,,,,0.305555556
1019.52,,,,,-1.216666667
1019.74,,,,,-2.194444444
1019.73,,,,,0.105555556
1019.28,,,,,6.177777778
1018.71,,,,,6.2
1018.43,,,,,3.35
1018.55,,,,,0.261111111
1018.52,,,,,0.172222222
1018.64,,,,,-9.483333333
1019.02,,,,,0.583333333
1019.15,,,,,2.016666667
1019.44,,,,,-0.477777778
1020.15,,,,,-1.988888889
1020.25,,,,,-2.588888889
1024.81,,,,,-4.416666667
1020.57,,,,,-5.983333333
1020.65,,,,,-7.044444444
1020.55,,,,,-6.966666667
1020.67,,,,,-7.205555556
1021.04,,,,,-8.316666667
1021.57,,,,,-9.716666667
1022.35,,,,,-10.51666667
1022.18,,,,,-11.53333333
1022.04,,,,,-11.58333333
1022.13,,,,,-11.55555556
1022.37,,,,,-12.11111111
1023.13,,,,,-12.55
1023.75,,,,,-12.64444444
1024.93,,,,,-12.66666667
1025.34,,,,,-12.73333333
1025.73,,,,,-12.71111111
1026.73,,,,,-12.68888889
1026.22,,,,,-12.57777778
1026.84,,,,,-12.63888889
1027.15,,,,,-12.10555556
1027.71,,,,,-11.12222222
1028.47,,,,,-10.04444444
1029.06,,,,,-10
1029.18,,,,,-10.02222222
1028.59,,,,,-10.11666667
1028,,,,,-10.95
1027.39,,,,,-11.13888889
1027.38,,,,,-10.18888889
1027.52,,,,,-10.62777778
1027.58,,,,,-11.21111111
1027.49,,,,,-11.23333333
1027.43,,,,,-12.7
1027.09,,,,,-12.31666667
1028.22,,,,,-12.80555556
1026.31,,,,,-13.01666667
1026.13,,,,,-13.4
1026.17,,,,,-13.93333333
1026.19,,,,,-14.03333333
1026.42,,,,,-11.20555556
1027.17,,,,,-9.988888889
1027.1,,,,,-7.872222222
1027.01,,,,,-7.244444444
1026.43,,,,,-7.227777778
1025.81,,,,,-7.127777778
1026.3,,,,,-7.172222222
1028.07,,,,,-8.938888889
1028.48,,,,,-10.07222222
1028.77,,,,,-11.06111111
1028.27,,,,,-11.22222222
1027.87,,,,,-11.31111111
1027.14,,,,,-11.86666667
1026.44,,,,,-12.4
1026.39,,,,,-12.42222222
1026.01,,,,,-11.1
1025.62,,,,,-13
1025.35,,,,,-13.57777778
1024.67,,,,,-14.06666667
1023.47,,,,,-14.08888889
1022.39,,,,,-14.02222222
1021.49,,,,,-12.49444444
1020.98,,,,,-9.022222222
1020.49,,,,,-7.85
1019.67,,,,,-5.927777778
1019.18,,,,,-5.994444444
1018.83,,,,,-6.938888889
1018.14,,,,,-7.733333333
1016.88,,,,,-7.822222222
1009.65,,,,,-8.872222222
1008.48,,,,,-9
1008.05,,,,,-9.505555556
1007.53,,,,,-10.55555556
1006.01,,,,,-10.65
1005.26,,,,,-10.18333333
1004.66,,,,,-10.37222222
1004.69,,,,,-10.73888889
1005.27,,,,,-10.87222222
1005.69,,,,,-11.32222222
1006.72,,,,,-12.37777778
1006.78,,,,,-10.20555556
1006.84,,,,,-8.911111111
1007.21,,,,,-6.044444444
1007.44,,,,,-4.911111111
1008.31,,,,,-3.877777778
1015.87,,,,,-5.144444444
1033.17,,,,,-6.227777778
1032.74,,,,,-6.416666667
1033.05,,,,,-7.45
1032.73,,,,,-8.055555556
1032.55,,,,,-8.944444444
1033.13,,,,,-9.166666667
1033.36,,,,,-9.627777778
1033.65,,,,,-8.927777778
1033.03,,,,,-11.73888889
1032.04,,,,,-11.31666667
1032.48,,,,,-12.85
1033.04,,,,,-13.54444444
1033.06,,,,,-11.25
1032.94,,,,,-6.388888889
1032.65,,,,,-0.366666667
1032.34,,,,,-4.05
1032.02,,,,,-5.088888889
1031.93,,,,,-6.344444444
1032.96,,,,,-6.661111111
1032.38,,,,,-7.361111111
1032.03,,,,,-7.916666667
1031.69,,,,,-1.883333333
1031.49,,,,,-8.983333333
1031.97,,,,,-10.00555556
1033.02,,,,,-9.388888889
1033.01,,,,,-10.05
1036.52,,,,,-7.983333333
1033.52,,,,,-6.161111111
1033.51,,,,,-3.088888889
1033.55,,,,,-0.538888889
1033.62,,,,,-0.494444444
1034.16,,,,,-0.661111111
1035.08,,,,,-0.738888889
1034.93,,,,,-1.311111111
1034.91,,,,,-2.111111111
1034.8,,,,,0.888888889
1035.54,,,,,2.611111111
1035.92,,,,,3.788888889
1036.45,,,,,5.166666667
1036.49,,,,,4.9
1037.15,,,,,3.105555556
1037.35,,,,,-0.916666667
1037.27,,,,,-2.633333333
1037.77,,,,,2.9
1038.16,,,,,2.255555556
1038.27,,,,,-0.733333333
1038.51,,,,,-1.261111111
1038.54,,,,,-1.722222222
1038.24,,,,,0.033333333
1037.84,,,,,0.061111111
1037.45,,,,,-0.016666667
1037.49,,,,,-2.005555556
1037.55,,,,,-0.183333333
1037.26,,,,,-0.227777778
1036.86,,,,,-1.144444444
1037.05,,,,,-2.05
1037.76,,,,,-2.305555556
1036.37,,,,,-1.933333333
1036.26,,,,,-2.077777778
1036.06,,,,,1.7
1037.07,,,,,2.283333333
1037.32,,,,,2.811111111
1036.84,,,,,2.738888889
1036.95,,,,,2.694444444
1037.03,,,,,3.833333333
1037.06,,,,,3.866666667
1037.34,,,,,0.294444444
1037.63,,,,,1.05
1037.96,,,,,0.088888889
1037.54,,,,,-0.727777778
1037.69,,,,,-4.094444444
1037.64,,,,,-2.861111111
1036.04,,,,,-3.477777778
1035.91,,,,,2.083333333
1035.45,,,,,2.238888889
1035.34,,,,,1.194444444
1035.23,,,,,-2.316666667
1034.95,,,,,-4.555555556
1034.83,,,,,-5.138888889
1034.65,,,,,-6.205555556
1034.44,,,,,-2.883333333
1033.93,,,,,1.211111111
1033.74,,,,,-1.222222222
1033.37,,,,,-0.688888889
1032.92,,,,,15.65
1031.91,,,,,18.02222222
1031,,,,,17.96666667
1030.91,,,,,20.03333333
1030.42,,,,,20.09444444
1030.16,,,,,20.26666667
1028.99,,,,,22.16666667
1028.7,,,,,19.95555556
1027.78,,,,,19.77777778
1027.9,,,,,16.71666667
1027.79,,,,,17.61111111
1027.95,,,,,14.2
1026.48,,,,,21.90555556
1025.87,,,,,22.54444444
1022.58,,,,,27.15555556
1021.69,,,,,28.86666667
1021.29,,,,,29.90555556
1020.05,,,,,30.80555556
1018.85,,,,,31.06666667
1017.57,,,,,32.03333333
1016.09,,,,,30.92777778
1008.69,,,,,26.33888889
1007.83,,,,,22.87222222
1006.81,,,,,20.88333333
1006.13,,,,,18.38333333
1005.52,,,,,16.61111111
1004.88,,,,,25.07222222
1004.62,,,,,27.81111111
1004.83,,,,,30.04444444
1005.16,,,,,29.04444444
1006.07,,,,,28.89444444
1006.52,,,,,27.25
1007.31,,,,,21.33333333
1008.01,,,,,21.02222222
1008.98,,,,,24.56666667
1015.03,,,,,27.06111111
1020.8,,,,,27.75555556
1021.55,,,,,29.61111111
1023.15,,,,,28.96111111
1023.74,,,,,30.98333333
1025.07,,,,,31.93333333
1025.49,,,,,29.97222222
1026.07,,,,,27.27777778
1027.04,,,,,27.49444444
1008.52,,,,,27.00555556
1007.82,,,,,24.09444444
1007.94,,,,,21.59444444
1008.34,,,,,19.37222222
1009.09,,,,,17.16666667
1014.65,,,,,21.92222222
1027.55,,,,,27.24444444
1023.34,,,,,28.81666667
1027.75,,,,,29.82777778
1028.17,,,,,30.57777778
1028.12,,,,,29.86111111
1028.52,,,,,28.66111111
1028.96,,,,,22.99444444
1028.05,,,,,16.48333333
1027.08,,,,,17.32222222
1026.69,,,,,29.78333333
1026.57,,,,,30.99444444
1026.46,,,,,30.83888889
1026.27,,,,,24.98888889
1025.39,,,,,22.28888889
1024.9,,,,,21.75555556
1024.58,,,,,20.82222222
1023.01,,,,,19.51111111
1021.99,,,,,18.16111111
1021.25,,,,,19.48888889
1020.92,,,,,20.51111111
1020.45,,,,,20.32222222
1020.58,,,,,25.80555556
1020.52,,,,,26.03888889
1020.77,,,,,27.12777778
1020.29,,,,,26.17777778
1020.3,,,,,27.71111111
1020.32,,,,,27.15
1020.56,,,,,26.14444444
1029.76,,,,,25.02222222
1020.36,,,,,22.92222222
1021.23,,,,,18.17777778
1021.98,,,,,16.40555556
1022.95,,,,,17.03888889
1023.29,,,,,16.98888889
1023.48,,,,,20.62777778
1025.46,,,,,23.95
1026.95,,,,,24.90555556
1029.35,,,,,24.42222222
1031.31,,,,,23.93888889
1032.11,,,,,21.25
1032.72,,,,,20.13333333
1033.33,,,,,18.47222222
1034.18,,,,,17.57777778
1036.59,,,,,16.51666667
1037.38,,,,,13.34444444
1038.25,,,,,15.75
1039.25,,,,,15.26666667
1039.35,,,,,15.39444444
1039.49,,,,,25.90555556
1039.86,,,,,27.08333333
1040.27,,,,,26.06666667
1041.37,,,,,25.97777778
1041.68,,,,,21.51666667
1042.26,,,,,14.83333333
1042.58,,,,,14.4
1042.83,,,,,15.61111111
1042.89,,,,,14.11111111
1043.46,,,,,15.78888889
1043.77,,,,,20.69444444
1043.75,,,,,27.65
1043.86,,,,,27.85
1044.11,,,,,24.29444444
1044.62,,,,,18.43333333
1044.82,,,,,16.33333333
1045.07,,,,,17.11666667
1045.14,,,,,15.10555556
1044.65,,,,,14.6
1044.23,,,,,14.71111111
1043.72,,,,,16.05555556
1043.71,,,,,22.69444444
1043.73,,,,,26.04444444
1043.34,,,,,28.72222222
1043.44,,,,,31.06111111
1043.31,,,,,31.16111111
1042.85,,,,,31.11111111
1042.65,,,,,26.45555556
1041.76,,,,,22.35
1040.24,,,,,18.31111111
1039.85,,,,,17.85555556
1039.18,,,,,19.32222222
1038.35,,,,,20.12777778
1037.95,,,,,19.06666667
1037.73,,,,,16.37777778
1035.62,,,,,25.76111111
1034.61,,,,,28.81111111
1031.5,,,,,29.95
1030.96,,,,,30.89444444
1029.9,,,,,32.22222222
1029.09,,,,,32.68333333
1028.61,,,,,32.82777778
1030.55,,,,,32.80555556
1027.51,,,,,32.75555556
1027.02,,,,,28.21666667
1027.34,,,,,25.02777778
1027.81,,,,,23.24444444
1027.92,,,,,19.49444444
1027.62,,,,,21.27777778
1027.54,,,,,27.80555556
1027.63,,,,,31.99444444
1028.23,,,,,32.77777778
1028.76,,,,,33.86666667
1029.14,,,,,32.79444444
1030.35,,,,,33.79444444
1030.67,,,,,33.83888889
1031.86,,,,,32.88888889
1031.22,,,,,31.22777778
1031.04,,,,,28.27777778
1031.11,,,,,26.13888889
1031.51,,,,,24.30555556
1031.7,,,,,20.44444444
1031.95,,,,,20.46666667
1032.26,,,,,22.67222222
1032.05,,,,,24.61111111
1031.36,,,,,27.33888889
1030.85,,,,,30.07222222
1030.74,,,,,31.01111111
1030.82,,,,,32.28888889
1031.15,,,,,32.85
1031.33,,,,,33.88888889
1031.44,,,,,33.86111111
1031.73,,,,,32.72777778
1032.16,,,,,31.00555556
1032.19,,,,,25.46666667
1032.68,,,,,22.93333333
1032.58,,,,,21.78333333
1032.47,,,,,20.66666667
1031.89,,,,,20.76666667
1031.09,,,,,20.53333333
1030.92,,,,,21.07222222
1031.03,,,,,21.44444444
1031.12,,,,,26.25
1031.06,,,,,26.54444444
1031.24,,,,,28.05555556
1031.53,,,,,29.18888889
1031.64,,,,,31.23888889
1030.84,,,,,32.26666667
1030.47,,,,,30.08333333
1030.8,,,,,27.18333333
1031.34,,,,,24.47222222
1030.89,,,,,21.92777778
1031.27,,,,,20.58333333
1030.6,,,,,19.88888889
1030.26,,,,,27.22777778
1030.07,,,,,28.93888889
1030.2,,,,,31.18333333
1031.25,,,,,32.88333333
1031.96,,,,,27.68333333
1032.28,,,,,28.68333333
1023.21,,,,,23.22222222
1016.57,,,,,21.56666667
1018.79,,,,,20.46111111
1020.08,,,,,20.35
1021.22,,,,,24.60555556
1021.9,,,,,27.10555556
1022.48,,,,,30.82222222
1023.53,,,,,32.23333333
1032.17,,,,,32.70555556
1026.02,,,,,31.92222222
1031.58,,,,,32.02777778
1031.88,,,,,27.90555556
1031.76,,,,,26.48888889
1030.99,,,,,21.66666667
1030.83,,,,,20.25
1030.13,,,,,19.46666667
1028.65,,,,,19.18888889
1028.33,,,,,20.00555556
1027.85,,,,,24.71111111
1027.83,,,,,30.02777778
1027.41,,,,,32.48888889
1025.65,,,,,32.73333333
1025.6,,,,,32.19444444
1025.24,,,,,27.36666667
1024.53,,,,,23.46666667
1024.32,,,,,21.71111111
1023.14,,,,,19.20555556
1022.79,,,,,26.59444444
1023.35,,,,,30.00555556
1023.56,,,,,31.96666667
1024.06,,,,,32.17777778
1024.54,,,,,32.55555556
1024.29,,,,,32.61111111
1022.83,,,,,32.08888889
1024.98,,,,,28.98333333
1024.56,,,,,24.35555556
1025.22,,,,,21.55555556
1025.28,,,,,20.79444444
1025.82,,,,,20.37222222
1025.36,,,,,20.4
1024.68,,,,,19.53888889
1024.39,,,,,23.62222222
1024.21,,,,,26.75555556
1023.99,,,,,28.71111111
1023.31,,,,,31.98888889
1023.1,,,,,32.38333333
1020.86,,,,,32.82222222
1022.27,,,,,32.87777778
1021.8,,,,,32.23888889
1021.37,,,,,27.58888889
1021.26,,,,,27.01111111
1021.5,,,,,19.41666667
1021.36,,,,,25.79444444
1021.47,,,,,30.05
1021.78,,,,,32.24444444
1021.28,,,,,32.83888889
1020.26,,,,,27.42777778
1020.27,,,,,22.06111111
1019.96,,,,,18.28333333
1025.32,,,,,21.29444444
1020.63,,,,,22.63888889
1021.03,,,,,16.96111111
1022.43,,,,,19.32777778
1023.71,,,,,25.13888889
1023.88,,,,,27.89444444
1024.36,,,,,27.82222222
1024.45,,,,,28.74444444
1025.04,,,,,26.26666667
1025.48,,,,,26.15
1025.57,,,,,24.39444444
1025.96,,,,,22.31111111
1026.47,,,,,21.68888889
1026.86,,,,,21.65555556
1027.05,,,,,18.33333333
1027.44,,,,,17.78888889
1028.56,,,,,26.16111111
1029.03,,,,,31.07777778
1029.68,,,,,31.15555556
1029.91,,,,,31.79444444
1029.77,,,,,28.88333333
1030.43,,,,,26.38333333
1031.82,,,,,23.35555556
1035.67,,,,,15.37777778
1033.86,,,,,14.69444444
1033.96,,,,,20.70555556
1034.14,,,,,22.76111111
1034.85,,,,,25.00555556
1035.84,,,,,26.08888889
1035.65,,,,,16.89444444
1036.17,,,,,15.62222222
1036.36,,,,,15.21666667
1033.7,,,,,13.40555556
1035.96,,,,,13.48888889
1035.86,,,,,18.71111111
1035.63,,,,,21.82222222
1035.76,,,,,27.68888889
1035.7,,,,,27.40555556
1035.64,,,,,18.16666667
1033.84,,,,,16.6
1033.58,,,,,18.06111111
1033.47,,,,,19.82222222
1033.64,,,,,27.31666667
1019.51,,,,,27.82777778
1018.36,,,,,29.86666667
1018.01,,,,,25.38888889
1018.06,,,,,20.61111111
1017.79,,,,,23.50555556
1022.01,,,,,26.02222222
1020.4,,,,,26.20555556
1020.69,,,,,28.77222222
1021.02,,,,,29.97777778
1021.1,,,,,31.02222222
1021.27,,,,,27.91666667
1021.63,,,,,25.28888889
1021.7,,,,,21.46111111
1020.88,,,,,24.98333333
1020.68,,,,,27.67777778
1022.62,,,,,28.88888889
1022.42,,,,,29.93333333
1022.25,,,,,19.63333333
1022.32,,,,,19.16666667
1022.56,,,,,16.41111111
1021.97,,,,,27.84444444
1021.46,,,,,29.69444444
1020.78,,,,,29.85
1019.99,,,,,27.38333333
1020.48,,,,,20.52222222
1020.83,,,,,18.05555556
1020.9,,,,,7.277777778
1020.71,,,,,7.294444444
1020.5,,,,,10.52777778
1019.9,,,,,5.7
1018.51,,,,,17.28333333
1018.03,,,,,14.10555556
1018.56,,,,,13.23333333
1017.49,,,,,10.75
1017.75,,,,,10.70555556
1017.71,,,,,8.066666667
1017.47,,,,,10.10555556
1017.11,,,,,12.9
1016.02,,,,,13.71111111
1016.21,,,,,13.03888889
1019,,,,,13.01666667
1019.49,,,,,11.42222222
1020.28,,,,,9.583333333
1020.85,,,,,7.9
1021.15,,,,,6.861111111
1020.74,,,,,6.816666667
1020.62,,,,,10.01111111
1021.33,,,,,14.05555556
1021.79,,,,,16.25555556
1022.82,,,,,18.12222222
1022.7,,,,,13.52777778
1022.44,,,,,10.65555556
1021.92,,,,,12.18888889
1021.62,,,,,23.98888889
1021.6,,,,,20.38888889
1021.74,,,,,16.17222222
1021.91,,,,,11.59444444
1023.04,,,,,14.56666667
1023.09,,,,,18.65
1022.92,,,,,21.22222222
1022.66,,,,,22.79444444
1022.08,,,,,13.62222222
1022,,,,,11.73888889
1022.23,,,,,12.42777778
1023.33,,,,,10.68888889
1022.31,,,,,13.82222222
1022.96,,,,,20.32777778
1023.61,,,,,19.21111111
1023.2,,,,,20.55555556
1022.89,,,,,22.37777778
1022.53,,,,,16.12777778
1021.87,,,,,15.93888889
1022.06,,,,,14.38333333
1022.1,,,,,10.17222222
1021.68,,,,,10.18888889
1022.5,,,,,16.35
1020.37,,,,,23.98333333
1018.45,,,,,24.03888889
1018.04,,,,,25.09444444
1018.33,,,,,25.16111111
1018.12,,,,,24.14444444
1018.84,,,,,23.00555556
1021.4,,,,,13.15
1021.67,,,,,27.02777778
1019.97,,,,,27.78333333
1020.38,,,,,28.82777778
1020.61,,,,,27.28888889
1020.64,,,,,18.61666667
1020.76,,,,,19.96666667
1020.82,,,,,27.72777778
1020.73,,,,,29.99444444
1019.75,,,,,25.46111111
1018.76,,,,,21.5
1018.41,,,,,20.56111111
1018.22,,,,,19.28888889
1018.05,,,,,19.38333333
1017.95,,,,,18.02777778
1016.98,,,,,25.42777778
1016.19,,,,,25.82777778
1017.2,,,,,24.9
1016.92,,,,,28.97222222
1017.41,,,,,25.53888889
1016.99,,,,,20.90555556
1017.69,,,,,30.05555556
1017.29,,,,,30.09444444
1015.28,,,,,27.98333333
1015.61,,,,,26.71666667
1016.36,,,,,13.19444444
1016.54,,,,,10.66111111
1016.53,,,,,10.04444444
1013.88,,,,,12.12222222
1013.91,,,,,12.59444444
1012.68,,,,,12.66666667
1011.16,,,,,12.68888889
1009.48,,,,,12.13333333
1009.71,,,,,20.49444444
1009.22,,,,,19.31111111
1008.49,,,,,19.87222222
1006.36,,,,,22.62777778
1006.19,,,,,24.75555556
1006.41,,,,,27.66666667
1007.99,,,,,29.77777778
1021.85,,,,,29.81111111
1021.65,,,,,28.03333333
1021.11,,,,,31.17222222
1021.16,,,,,30.13888889
1008.33,,,,,29.76111111
1009.85,,,,,27.79444444
1010.73,,,,,24.48333333
1010.79,,,,,20.67777778
1013.67,,,,,18.4
1013.37,,,,,20.93333333
1012.12,,,,,26.22777778
1021.12,,,,,27.28333333
1021.3,,,,,29.02777778
1022.28,,,,,31.10555556
1022.63,,,,,30.19444444
1022.93,,,,,26.48333333
1021.39,,,,,23.47222222
1022.81,,,,,19.59444444
1023.9,,,,,24.93888889
1023.98,,,,,31.24444444
1023.45,,,,,27.86666667
1022.69,,,,,26.34444444
1022.91,,,,,23.76666667
1023.26,,,,,22.65555556
1019.38,,,,,21.91111111
1019.98,,,,,19.55555556
1019.85,,,,,18.67222222
1018.78,,,,,18.48888889
1018.07,,,,,24.25
1016.48,,,,,26.32222222
1015.31,,,,,27.93888889
1015.84,,,,,27.88333333
1014.95,,,,,24.89444444
1016.07,,,,,18.04444444
1017.21,,,,,19.30555556
1019.87,,,,,17.83888889
1017.92,,,,,25.08333333
1018.21,,,,,24.40555556
1018.99,,,,,20.48888889
1016.55,,,,,21.37222222
1019.42,,,,,18.42777778
1019.94,,,,,27.19444444
1022.61,,,,,27.83333333
1026.74,,,,,29.10555556
1025.23,,,,,29.09444444
1025.77,,,,,23.09444444
1026.33,,,,,20.61666667
1026.71,,,,,25.06111111
1027.23,,,,,32.21111111
1027.31,,,,,32.29444444
1026.32,,,,,28.12777778
1026.7,,,,,24.15
1028.1,,,,,21.88333333
1027.84,,,,,23.87222222
1027.65,,,,,26.05555556
1023.78,,,,,31.22222222
1027.13,,,,,32.87222222
1026.83,,,,,33.93333333
1026.21,,,,,33.98333333
1025.83,,,,,34.00555556
1025.63,,,,,33.07777778
1025.02,,,,,32.31111111
1024.6,,,,,31.26666667
1024.17,,,,,29.34444444
1023.72,,,,,25.17777778
1023.41,,,,,24.56111111
1023.24,,,,,21.97222222
1023.63,,,,,21.67777778
1023.67,,,,,23.23888889
1020.18,,,,,23.15
1022.59,,,,,23.08333333
1022.51,,,,,27.88888889
1021.75,,,,,31.18888889
1019.84,,,,,31.37777778
1019.63,,,,,31.12777778
1017.91,,,,,28.90555556
1017.67,,,,,25.03888889
1016.85,,,,,23.49444444
1017.6,,,,,20.65
1017.39,,,,,20.17777778
1007.79,,,,,26.92222222
1014.53,,,,,28.61666667
1014.54,,,,,24.85555556
1015.53,,,,,22.34444444
1014.99,,,,,20.57777778
1016.89,,,,,20.28888889
1016.79,,,,,11.40555556
1014.26,,,,,14.03333333
1012.92,,,,,16.74444444
1012.34,,,,,22.56666667
1010.95,,,,,23.72777778
1014.88,,,,,25.73888889
1013.66,,,,,22.61666667
1015.73,,,,,21.37777778
1017.03,,,,,17.99444444
1015.74,,,,,21.38888889
1014.38,,,,,19.35
1015.37,,,,,10.27222222
1016.24,,,,,12.66111111
1017.01,,,,,12.81111111
1014.28,,,,,11.18888889
1016.37,,,,,8.344444444
1012.49,,,,,8.333333333
1012.19,,,,,12.08888889
1012.07,,,,,14.95555556
1012.86,,,,,15.32222222
1016.31,,,,,10.19444444
1018.91,,,,,8.45
1019.3,,,,,10.31666667
1021.41,,,,,6.811111111
1022.03,,,,,6.077777778
1022.6,,,,,12.09444444
1022.22,,,,,17.81111111
1022.8,,,,,15.91111111
1021.52,,,,,14.06111111
1021.18,,,,,15.5
1022.05,,,,,14.91666667
1022.86,,,,,14.86666667
1023.05,,,,,13.75
1021.86,,,,,13.21666667
1022.36,,,,,13.15555556
1022.54,,,,,12.58888889
1022.24,,,,,12.52222222
1021.96,,,,,12.03888889
1022.09,,,,,12.11111111
1021.81,,,,,13.05555556
1021.71,,,,,13.18888889
1021.89,,,,,13.62777778
1022.41,,,,,14.27777778
1023.87,,,,,15.34444444
1024.43,,,,,16.36111111
1025,,,,,15.29444444
1024.38,,,,,14.5
1023.93,,,,,10.95555556
1024.78,,,,,13.87777778
1024.48,,,,,20.98333333
1024.28,,,,,20.13888889
1023.84,,,,,17.57222222
1020.84,,,,,12.94444444
1007.12,,,,,12.00555556
1007.13,,,,,-4.894444444
1007.09,,,,,-5.433333333
1007.49,,,,,-7.038888889
1008.92,,,,,-7.566666667
1008.81,,,,,-6.95
1010.36,,,,,-5.966666667
1008.72,,,,,-4.744444444
1008.54,,,,,-2.661111111
1008.25,,,,,0.211111111
1007.68,,,,,1.261111111
1006.98,,,,,2.433333333
1005.88,,,,,-0.888888889
1005.39,,,,,-2.533333333
1002.54,,,,,2.716666667
1000.82,,,,,4.061111111
1000.86,,,,,6.333333333
999.57,,,,,5.416666667
998.74,,,,,4.35
1005.74,,,,,2.038888889
998.76,,,,,3.877777778
999.21,,,,,3.861111111
999.06,,,,,7.394444444
998.98,,,,,4.127777778
999.81,,,,,1.977777778
1000.26,,,,,2.133333333
1000.94,,,,,1.594444444
1001.62,,,,,0.494444444
1002.04,,,,,7.022222222
1002.81,,,,,4.938888889
1003,,,,,4.988888889
1005.28,,,,,3.777777778
1006.11,,,,,1.577777778
1006.54,,,,,-0.305555556
1007.19,,,,,-1.294444444
1006.65,,,,,-1.555555556
1006.18,,,,,-1.911111111
1006.38,,,,,-1.905555556
1006.69,,,,,-1.605555556
1006.99,,,,,-1.122222222
1012.93,,,,,0.45
1013.71,,,,,0.933333333
1014.71,,,,,1.094444444
1015.57,,,,,1.022222222
1017.09,,,,,0.416666667
1020.06,,,,,-0.561111111
1019.19,,,,,2.066666667
1018.82,,,,,2
1019.1,,,,,3.733333333
1021.59,,,,,0.616666667
1020.46,,,,,0.605555556
1021.24,,,,,1.877777778
1021.72,,,,,4.922222222
1021.73,,,,,5.011111111
1020.09,,,,,3.333333333
1020.01,,,,,4.033333333
1019.77,,,,,5.9
1019.65,,,,,5.072222222
1013.87,,,,,1.811111111
1014.09,,,,,4.961111111
1010.02,,,,,5.1
1005.67,,,,,5.172222222
1005.85,,,,,3.983333333
1007.75,,,,,3.155555556
1010.59,,,,,2.783333333
1009.05,,,,,2.644444444
1010.31,,,,,2.05
1010.17,,,,,1.516666667
1008.29,,,,,1.472222222
1008.77,,,,,0.938888889
1008.97,,,,,2.622222222
1003.38,,,,,1.411111111
1007.88,,,,,-3.216666667
1007.27,,,,,-3.594444444
1007.06,,,,,-3.511111111
1007.56,,,,,-4.011111111
1006.28,,,,,0.055555556
1005.71,,,,,-0.805555556
1005.47,,,,,-0.944444444
1005.58,,,,,-0.938888889
1004.11,,,,,-3.238888889
1003.58,,,,,2.188888889
1002.88,,,,,-0.55
1001.98,,,,,0.077777778
1001.12,,,,,12.71666667
1000.88,,,,,11.31666667
1001.29,,,,,8.1
1001.54,,,,,7.466666667
1002.03,,,,,6.105555556
1002.62,,,,,3.238888889
1003.13,,,,,2.055555556
1003.81,,,,,2.166666667
1006.02,,,,,2.033333333
1010.57,,,,,8.933333333
1017.44,,,,,13.90555556
1017.81,,,,,14.96111111
1011.94,,,,,11.26666667
1012.18,,,,,10.28333333
1006.75,,,,,9.105555556
1006.42,,,,,9.394444444
1005.41,,,,,9.711111111
1005.33,,,,,10.97222222
1004.75,,,,,11.25555556
1004.24,,,,,10.43888889
1012.37,,,,,9.905555556
1003.56,,,,,8.238888889
1002.87,,,,,5.277777778
1003.47,,,,,7.305555556
1002.69,,,,,7.844444444
1004.76,,,,,7.4
1009.16,,,,,6.266666667
1008.78,,,,,5.133333333
1008.23,,,,,4.116666667
1006.53,,,,,2.333333333
1005.92,,,,,1.838888889
1013.26,,,,,1.405555556
1014.22,,,,,0.338888889
1005.03,,,,,7.938888889
998.15,,,,,4
1002.86,,,,,5.85
1002.29,,,,,1.55
1000.79,,,,,7.811111111
1000.28,,,,,13.02777778
1000.04,,,,,9.4
999.84,,,,,8.261111111
999.67,,,,,9.644444444
999.94,,,,,6.288888889
999.64,,,,,5.772222222
999.98,,,,,7.255555556
999.71,,,,,15.98888889
999.85,,,,,18.83333333
998.08,,,,,11.22777778
997.92,,,,,10.1
996.92,,,,,10.57222222
996.24,,,,,8.988888889
996.73,,,,,6.911111111
996.38,,,,,10.77777778
996.39,,,,,17.68333333
996.54,,,,,20.86111111
997.96,,,,,14.31111111
998.07,,,,,10.27777778
998.22,,,,,9.738888889
998.23,,,,,9.605555556
997.55,,,,,9.627777778
997.08,,,,,8.766666667
997.05,,,,,17.58333333
999.72,,,,,18.90555556
1000.43,,,,,14.32222222
1001.99,,,,,12.27222222
1003.94,,,,,12.06666667
1005.34,,,,,7.994444444
1009.75,,,,,8.55
1010.16,,,,,9.494444444
1011.62,,,,,12.57222222
1009.27,,,,,11.50555556
1011.48,,,,,10.9
1015.22,,,,,10.92777778
1013.48,,,,,11.91666667
1011.56,,,,,9.038888889
1009.13,,,,,7.883333333
1014.57,,,,,12.1
1009.94,,,,,9.361111111
1010.55,,,,,-6.45
1011.96,,,,,-7.027777778
1013.65,,,,,-5.988888889
1021.38,,,,,-7.161111111
1021.61,,,,,-8.688888889
1021.66,,,,,-10.1
1022.3,,,,,-8.483333333
1021.09,,,,,-4.711111111
1021.08,,,,,-2.522222222
1020.19,,,,,0.216666667
1020.44,,,,,2.483333333
1021.64,,,,,4.055555556
1021.88,,,,,2.916666667
1021.19,,,,,4.766666667
1018.87,,,,,3.772222222
1019.61,,,,,9.15
1020.31,,,,,6.6
1018.09,,,,,7.694444444
1017.46,,,,,17.08333333
1013.12,,,,,9.261111111
1022.55,,,,,8.35
1021.84,,,,,7.216666667
1021.51,,,,,6.322222222
1022.21,,,,,10.97777778
1007.69,,,,,10.26111111
1007.15,,,,,9.638888889
1011.31,,,,,8.516666667
1012.35,,,,,4.422222222
1012.14,,,,,3.5
1019.36,,,,,4.605555556
1020.7,,,,,11.00555556
1019.69,,,,,6.005555556
1020.89,,,,,8.183333333
1021.48,,,,,9.311111111
1021.34,,,,,1.283333333
1019.48,,,,,5.144444444
1018.73,,,,,3.677777778
1018.93,,,,,2.661111111
1018.94,,,,,2.705555556
1013.47,,,,,5.3
1012.25,,,,,4.738888889
1015.32,,,,,-1.583333333
1014.19,,,,,-2.994444444
1023.11,,,,,-1.938888889
1023.49,,,,,-1.861111111
1024.08,,,,,-1.855555556
1025.1,,,,,-2.505555556
1025.78,,,,,-3.111111111
1025.68,,,,,-3.066666667
1025.12,,,,,-2.455555556
1025.08,,,,,1.277777778
1025.7,,,,,-1.255555556
1025.98,,,,,-1.35
1007.42,,,,,-1.85
1006.14,,,,,-2.344444444
1002.53,,,,,-4.083333333
1005.53,,,,,-4.1
1005.17,,,,,-4.222222222
1004.43,,,,,2.377777778
1004.07,,,,,2.75
1004.19,,,,,-3.338888889
1002.33,,,,,-3.361111111
1002.12,,,,,-4.383333333
1001.95,,,,,-3.872222222
1001.84,,,,,-3.766666667
1001.45,,,,,12.05
1000.89,,,,,15.72222222
1000.54,,,,,13.70555556
1001.37,,,,,12.81666667
1003.51,,,,,11.35
1004.53,,,,,11.21666667
1006.76,,,,,12.62222222
1010.62,,,,,12.64444444
1026.4,,,,,21.14444444
1026.6,,,,,15.17222222
1026.58,,,,,12.61666667
1026.64,,,,,11.75
1026.97,,,,,11.57777778
1027.5,,,,,14.17222222
1027.98,,,,,14.21666667
1027.59,,,,,10.12222222
1027.56,,,,,9.427777778
1026.9,,,,,6.744444444
1025.89,,,,,7.161111111
1025.52,,,,,9.916666667
1025.43,,,,,11.27222222
1025.95,,,,,18.14444444
1025.97,,,,,17.61666667
1025.76,,,,,13.75555556
1025.58,,,,,12.96111111
1022.14,,,,,11.60555556
1025.4,,,,,9.5
1025.56,,,,,23.04444444
1025.66,,,,,22.96111111
1025.69,,,,,14.45555556
1024.03,,,,,20.22222222
1022.19,,,,,17.65
1019.33,,,,,14.86111111
1018.98,,,,,10.75555556
1018.54,,,,,11.87777778
1012.43,,,,,14.73888889
1025.45,,,,,19.09444444
1025.84,,,,,12.92777778
1026.62,,,,,10.31111111
1027.77,,,,,14.82222222
1029.95,,,,,17.51111111
1030.65,,,,,23.92222222
1031.29,,,,,24.11666667
1032.06,,,,,19.61666667
1033.14,,,,,11.98888889
1033.31,,,,,13.48333333
1031.54,,,,,16
1031.13,,,,,17.54444444
1030.54,,,,,19.12222222
1030.21,,,,,17.55
1028.57,,,,,17.69444444
1025.53,,,,,15.47777778
1019.55,,,,,15.48333333
1012.24,,,,,10.49444444
1012.76,,,,,15.95555556
1009.91,,,,,22.98333333
1010.32,,,,,23.10555556
1011.11,,,,,19.60555556
1011.52,,,,,15.68333333
1011.47,,,,,22.78333333
1022.87,,,,,18.08333333
1022.33,,,,,15.58888889
1019.64,,,,,15.75555556
1020.2,,,,,13.53333333
1019.03,,,,,17.02777778
1018.53,,,,,17.92777778
1019.14,,,,,15.71666667
1023.36,,,,,16.42222222
1024.61,,,,,16.69444444
1024.71,,,,,20.06666667
1024.5,,,,,22.30555556
1025.37,,,,,21.03333333
1025.42,,,,,20.98888889
1020.1,,,,,17.93333333
1019.66,,,,,16.30555556
1008.13,,,,,13.56666667
1005.38,,,,,18.69444444
1001.89,,,,,27.11666667
1004.68,,,,,27.42222222
1003.54,,,,,17.91111111
1003.18,,,,,15.72777778
1002.37,,,,,27.66111111
1001.88,,,,,23.55
1001.48,,,,,13.58888889
1000.87,,,,,16.72777778
1000.14,,,,,22.47222222
1000.38,,,,,21.94444444
1000.23,,,,,20.76111111
1000.13,,,,,17.63888889
1000.33,,,,,14.77222222
1000.73,,,,,13.30555556
1000.83,,,,,10.83888889
1001.43,,,,,18.74444444
1001.71,,,,,19.18333333
1001.86,,,,,19.36666667
1002.99,,,,,15.70555556
1004.02,,,,,10.63333333
1005.56,,,,,20.06111111
1005.61,,,,,20.15555556
1019.89,,,,,22.11666667
1020.79,,,,,22.26111111
1020.87,,,,,22.29444444
1021.45,,,,,18.32222222
1021.95,,,,,15.58333333
1026.66,,,,,15.25555556
1023.97,,,,,15.78333333
1024.14,,,,,22.43888889
1025.67,,,,,18.22222222
1026.41,,,,,14.81666667
1026.18,,,,,15.26111111
1026.09,,,,,16.10555556
1026.06,,,,,17.95
1026.26,,,,,25.91666667
1026.59,,,,,25.31111111
1026.82,,,,,19.13333333
1026.91,,,,,14.55555556
1027.33,,,,,13.38333333
1027.61,,,,,10.78333333
1027.53,,,,,9.561111111
1028.9,,,,,9.538888889
1028.64,,,,,16.07777778
1028.03,,,,,17.34444444
1027.7,,,,,17.46666667
1028.34,,,,,13.12777778
1028.44,,,,,12.05555556
1029.04,,,,,14.56111111
1029.1,,,,,11.07777778
1029.49,,,,,7.7
1029.28,,,,,9.333333333
1028.58,,,,,11.46666667
1028.29,,,,,12.68333333
1027.89,,,,,8.455555556
1027.68,,,,,8.644444444
1027.96,,,,,11.05
1028.18,,,,,9.588888889
1028.42,,,,,9.655555556
1028.8,,,,,15.31666667
1030.08,,,,,17.42777778
1029.98,,,,,15.20555556
1030.1,,,,,14.18888889
1033.83,,,,,10.6
1034.22,,,,,8.044444444
1022.02,,,,,7.677777778
1024.47,,,,,20.27777778
1026.2,,,,,16.31111111
1037.42,,,,,15.24444444
1035.52,,,,,9.283333333
1036.1,,,,,6.783333333
1036.41,,,,,6.805555556
1036.99,,,,,11.89444444
1037.75,,,,,11.36666667
1037.72,,,,,14
1038.07,,,,,12.86111111
1038.05,,,,,10.15
1038.34,,,,,5.811111111
1038.26,,,,,4.816666667
1026.77,,,,,5.188888889
1027.74,,,,,16.95
1028.35,,,,,17.39444444
1027.07,,,,,13.2
1025.26,,,,,14.87222222
1024.2,,,,,16.95555556
1023.25,,,,,16.02777778
1024.84,,,,,17.11111111
1025.3,,,,,18.68888889
1025.11,,,,,18.67777778
1024.82,,,,,18.57222222
1024.41,,,,,17.07777778
1024.77,,,,,8.494444444
1025.31,,,,,6.4
1025.91,,,,,5.55
1025.71,,,,,0.972222222
1025.9,,,,,3.794444444
1026,,,,,5.894444444
1025.92,,,,,5.877777778
1026.04,,,,,6.9
1026.98,,,,,5.055555556
1026.88,,,,,9.827777778
1026.49,,,,,8.761111111
1025.51,,,,,6.155555556
1024.89,,,,,3.988888889
1024.09,,,,,3.655555556
1022.9,,,,,-1.005555556
1024.94,,,,,-0.083333333
1024.1,,,,,6.955555556
1024.95,,,,,4.416666667
1025.75,,,,,3.911111111
1025.64,,,,,3.188888889
1025.33,,,,,4.516666667
1023.92,,,,,4.611111111
1023.43,,,,,4.644444444
1022.2,,,,,6.311111111
1022.78,,,,,3.377777778
1024.18,,,,,7.427777778
1023.89,,,,,4.272222222
1023.4,,,,,4.538888889
1026.12,,,,,5.633333333
1026.92,,,,,6.761111111
1027.12,,,,,6.7
1028.38,,,,,11.78333333
1027.19,,,,,9.005555556
1027.28,,,,,8.155555556
1028.15,,,,,7.661111111
1028.43,,,,,8.05
1028.73,,,,,7.344444444
1028.93,,,,,7.744444444
1029.22,,,,,5.605555556
1029.16,,,,,5.177777778
1029.11,,,,,13.66666667
1029.42,,,,,9.111111111
1030.23,,,,,6.388888889
1030.71,,,,,7.527777778
1030.97,,,,,8.538888889
1029.73,,,,,8.372222222
1029.12,,,,,18.71666667
1029.83,,,,,10.36111111
1029.74,,,,,8.061111111
1028.66,,,,,9.166666667
1028.75,,,,,5.861111111
1028.24,,,,,6.416666667
1027.64,,,,,11.63333333
1026.93,,,,,8.833333333
1023,,,,,6.694444444
1023.77,,,,,13.69444444
1025.14,,,,,7.933333333
1024.75,,,,,7.477777778
1025.55,,,,,7.516666667
1026.28,,,,,12.13888889
1024.72,,,,,12.02777778
1023.69,,,,,2.822222222
1019.76,,,,,5.105555556
1018.77,,,,,-1.716666667
1010.75,,,,,7.65
1011.85,,,,,11.3
1011.55,,,,,9.922222222
1010.26,,,,,6.755555556
1011.58,,,,,6.738888889
1011.88,,,,,7.188888889
1013.99,,,,,8.411111111
1010.42,,,,,8.222222222
1009.35,,,,,7.416666667
1014.05,,,,,7.594444444
1019.2,,,,,8.822222222
1019.07,,,,,10.87777778
1019.6,,,,,11.26111111
1024.74,,,,,9.8
1018.42,,,,,9.833333333
1007.93,,,,,9.305555556
1008.51,,,,,7.483333333
1007.65,,,,,8.444444444
1010.83,,,,,10.03333333
1019.09,,,,,7.783333333
1025.44,,,,,7.272222222
1007.34,,,,,6.35
1009.77,,,,,3.011111111
1019.56,,,,,5.272222222
1024.16,,,,,6.455555556
1024.91,,,,,7.522222222
1024.83,,,,,7.977777778
1030.04,,,,,5.227777778
1030.24,,,,,5.161111111
1028.16,,,,,4.583333333
1027.93,,,,,4.438888889
1028.37,,,,,3.472222222
1028.82,,,,,4.85
1029.17,,,,,9.316666667
1029.33,,,,,7.038888889
1029.24,,,,,6.772222222
1028.91,,,,,11.38333333
1028.97,,,,,7.911111111
1028.74,,,,,6.477777778
1026.14,,,,,5.944444444
1026.54,,,,,2.338888889
1026.8,,,,,4.394444444
1026.75,,,,,4.3
1024.51,,,,,3.3
1015.25,,,,,2.655555556
1012.84,,,,,1.394444444
1019.78,,,,,8.522222222
1018.7,,,,,10.94444444
1013.69,,,,,10.35
1015.75,,,,,7.816666667
1018.95,,,,,7.1
1018.27,,,,,3.666666667
1019.35,,,,,1.683333333
1012.73,,,,,3.038888889
1010.94,,,,,5.122222222
1011.75,,,,,5.394444444
1019.8,,,,,-3.566666667
1019.58,,,,,-3.011111111
1015.44,,,,,-4.844444444
1027.66,,,,,2.116666667
1028.62,,,,,3.611111111
1024.7,,,,,0.066666667
1026.36,,,,,-2.616666667
1026.65,,,,,-1.666666667
1029.37,,,,,-2.272222222
1019.21,,,,,5.45
1023.58,,,,,7.227777778
1025.01,,,,,-3.311111111
1025.21,,,,,-4.316666667
1024.8,,,,,-5.416666667
1024.19,,,,,-4.927777778
1024.59,,,,,3.355555556
1024.86,,,,,1.1
1024.96,,,,,1.038888889
1025.17,,,,,0.594444444
1024.04,,,,,7.238888889
1023.79,,,,,2.983333333
1025.09,,,,,3.544444444
1024.37,,,,,4.477777778
1024.27,,,,,7.377777778
1003.67,,,,,9.461111111
1029.89,,,,,9.066666667
1030.18,,,,,11.14444444
1030.09,,,,,8.972222222
1029.59,,,,,6.305555556
1029.86,,,,,3.244444444
1029.47,,,,,3.25
1029.19,,,,,3.283333333
1025.2,,,,,1.588888889
1026.24,,,,,8.666666667
1026.63,,,,,4.455555556
1027.25,,,,,6.605555556
1026.96,,,,,3.994444444
1026.35,,,,,4.294444444
1025.13,,,,,2.966666667
1025.85,,,,,2.527777778
1025.54,,,,,4.322222222
1021.93,,,,,7.716666667
1009.89,,,,,14.57222222
1007.97,,,,,17.12222222
1007.61,,,,,13.78333333
1007.25,,,,,14.26111111
1007.23,,,,,13.17777778
1007.43,,,,,13.52222222
1008.89,,,,,25.95555556
1008.56,,,,,24.10555556
1008.41,,,,,8.283333333
1014.23,,,,,9.55
1018.4,,,,,15.88333333
1006.33,,,,,17.62222222
1006.89,,,,,8.588888889
1007.59,,,,,12.56666667
1007.63,,,,,21.12777778
1007.02,,,,,20.05555556
1005.24,,,,,9.433333333
1005.15,,,,,9.511111111
1007.76,,,,,20.51666667
1007.84,,,,,19.62222222
1006.21,,,,,16.01111111
1007.91,,,,,13.61111111
1008.04,,,,,12.5
1009.66,,,,,11.5
1013.25,,,,,8.172222222
1013.74,,,,,7.116666667
1007.24,,,,,15.19444444
1005.84,,,,,17.31666667
1004.93,,,,,19.89444444
1004.51,,,,,9.35
1003.85,,,,,6.033333333
1003.64,,,,,7.494444444
1004.38,,,,,13.61666667
1005.42,,,,,19.74444444
1006.85,,,,,7.833333333
1021.58,,,,,16.93888889
1013.06,,,,,17.83333333
1010.14,,,,,14.81111111
1009.74,,,,,9.85
1005.37,,,,,5.494444444
1005.09,,,,,9.727777778
1005.08,,,,,10.98888889
1006.29,,,,,9.766666667
1002.51,,,,,5.322222222
1000.93,,,,,4.1
1000.65,,,,,3.588888889
1000.63,,,,,1.633333333
1000.72,,,,,2.366666667
1000.66,,,,,9.794444444
1000.96,,,,,4.222222222
1001.16,,,,,2.638888889
1001.05,,,,,1.822222222
1001.21,,,,,-0.583333333
1001.85,,,,,1.855555556
1002.48,,,,,15.12777778
1002.85,,,,,4.122222222
1003.34,,,,,3.75
1003.87,,,,,1.772222222
1004.42,,,,,8.827777778
1008.28,,,,,15.52222222
1028.45,,,,,15.01111111
1027.35,,,,,23.53888889
1026.72,,,,,7.488888889
1026.55,,,,,3.2
1026.56,,,,,3.177777778
1026.15,,,,,2.666666667
1029.45,,,,,4.572222222
1030.95,,,,,14.40555556
1029.56,,,,,9.277777778
1029.66,,,,,8.472222222
1029.87,,,,,7.772222222
1029.97,,,,,16.00555556
1030.01,,,,,22.14444444
1029.36,,,,,20.16666667
1028.85,,,,,13.42222222
1028.72,,,,,11.78888889
1031.35,,,,,18.00555556
1031.45,,,,,17.88888889
1031.62,,,,,16.56111111
1031.28,,,,,12.36111111
1031.17,,,,,11.84444444
1032.64,,,,,9.055555556
1033.8,,,,,18.13333333
1034.1,,,,,22.28333333
1038.86,,,,,22.03333333
1036.7,,,,,22.67777778
1037.51,,,,,22.00555556
1038,,,,,18.61111111
1039.05,,,,,18.20555556
1039.11,,,,,14.02222222
1039,,,,,8.038888889
1038.95,,,,,9.011111111
1038.79,,,,,9.061111111
1038.61,,,,,10.54444444
1038.91,,,,,22.40555556
1038.9,,,,,20.30555556
1038.75,,,,,11.55555556
1039.1,,,,,11.86666667
1038.98,,,,,11.12222222
1038.49,,,,,13.59444444
1039.08,,,,,14.89444444
1038.73,,,,,19.7
1038.4,,,,,12.07777778
1038.39,,,,,11.47777778
1038.82,,,,,11.32777778
1038.7,,,,,16.21666667
1038.09,,,,,23.68333333
1037.57,,,,,24.67222222
1037.48,,,,,27.50555556
1038.31,,,,,27.11111111
1038.33,,,,,21.32777778
1040.47,,,,,10.56111111
1038.59,,,,,6.483333333
1038.58,,,,,-1.755555556
1039.07,,,,,-2.933333333
1039.3,,,,,-2.977777778
1039.87,,,,,-2.983333333
1040.23,,,,,6.45
1039.98,,,,,1.961111111
1039.97,,,,,16.60555556
1039.52,,,,,15.54444444
1039.4,,,,,22.76666667
1039.51,,,,,24.65555556
1039.78,,,,,23.52222222
1040.18,,,,,16.92222222
1040.38,,,,,14.84444444
1040.73,,,,,12.83333333
1040.87,,,,,11.67222222
1040.78,,,,,18.37777778
1041.17,,,,,10.92222222
1041.07,,,,,10.38888889
1040.65,,,,,9.572222222
1040.22,,,,,8.555555556
1040.06,,,,,8.544444444
1040.28,,,,,8.144444444
1040.37,,,,,17.09444444
1040.57,,,,,18.97222222
1040.74,,,,,12.61111111
1040.25,,,,,11.98333333
1039.89,,,,,9.594444444
1039.73,,,,,19.13888889
1039.39,,,,,18.07222222
1039.26,,,,,23.40555556
1039.55,,,,,26.05
1039.34,,,,,28.56111111
1038.2,,,,,25.25
1038.64,,,,,20.25555556
1038.37,,,,,10.64444444
1038.46,,,,,18.35555556
1039.16,,,,,15.28888889
1039.38,,,,,11.85
1038.5,,,,,9.816666667
1038.29,,,,,10.83333333
1038.48,,,,,22.81111111
1038.84,,,,,16.38888889
1038.57,,,,,15.85555556
1037.7,,,,,14.18333333
1037.43,,,,,9.372222222
1035,,,,,22.04444444
1034.97,,,,,23.87777778
1034.46,,,,,24.97222222
1034.35,,,,,11.97777778
1034.21,,,,,10.77222222
1034.89,,,,,8.083333333
1034.75,,,,,23.88333333
1034.37,,,,,24.07222222
1034.09,,,,,15.25
1033.46,,,,,15.66666667
1033.28,,,,,25.07777778
1033.48,,,,,22.86666667
1032.31,,,,,16.91111111
1032.89,,,,,14.65555556
1033.08,,,,,12.52777778
1032.77,,,,,23.58888889
1032.53,,,,,25.51111111
1032.08,,,,,15.41111111
1031.66,,,,,15.13333333
1031.67,,,,,16.99444444
1032.2,,,,,18.72222222
1032.18,,,,,20.95
1032.37,,,,,24.13333333
1031.68,,,,,20.34444444
1031.57,,,,,18.1
1030.93,,,,,16.34444444
1031.07,,,,,17.02222222
1031.19,,,,,21.87777778
1031.38,,,,,22.61111111
1031.46,,,,,25.94444444
1031.39,,,,,26.08333333
1031.18,,,,,26.01111111
1031.48,,,,,20.01111111
1033.07,,,,,22.42222222
1033.87,,,,,24.73333333
1034.07,,,,,19.03333333
1034.39,,,,,13.10555556
1034.68,,,,,22.51666667
1035.07,,,,,23.96666667
1036.57,,,,,23.85
1039.06,,,,,15.53333333
1039.37,,,,,15.52777778
1040.05,,,,,15.87777778
1039.94,,,,,23.78888889
1039.65,,,,,23.76111111
1040.04,,,,,11.80555556
1040.26,,,,,19.72222222
1040.58,,,,,22.59444444
1040.86,,,,,17.05555556
1041.27,,,,,13.18333333
1041.38,,,,,9.933333333
1041.64,,,,,11.77777778
1041.65,,,,,16.43888889
1041.33,,,,,11.43333333
1040.83,,,,,11.62222222
1041.25,,,,,14.73333333
1041.23,,,,,14.47777778
1041.14,,,,,25.86666667
1041.2,,,,,25.03333333
1040.51,,,,,20.85
1040.15,,,,,18.56666667
1040.19,,,,,15.36666667
1040.16,,,,,13.67777778
1038.93,,,,,16.57222222
1031.52,,,,,21.98333333
1037.83,,,,,22.60555556
1036.85,,,,,25.96111111
1036.73,,,,,21.89444444
1036.14,,,,,16.97222222
1035.05,,,,,19.70555556
1034.24,,,,,23.28888889
1032.67,,,,,18.53333333
1031.87,,,,,17.27222222
1006.88,,,,,15.37222222
1004.54,,,,,12.53888889
1002.27,,,,,15.51666667
1001.15,,,,,21.42222222
1000.15,,,,,13.46666667
999.55,,,,,11.53333333
999.27,,,,,11.48333333
999.35,,,,,23.97222222
1000.51,,,,,24.02222222
1000.48,,,,,16.28333333
1000.69,,,,,15.46111111
1001.67,,,,,17.23333333
1028.94,,,,,12.27777778
1029.31,,,,,16.83888889
1029.88,,,,,26.10555556
1029.99,,,,,20.36111111
1029.96,,,,,19.17222222
1029.85,,,,,11.16666667
1030.05,,,,,24.92222222
1030.29,,,,,15.90555556
1028.36,,,,,24.51111111
1003.12,,,,,26.95555556
1003.55,,,,,28.93333333
1004.06,,,,,28.99444444
1005.95,,,,,25.11111111
1003.88,,,,,24.08333333
1010.44,,,,,21.65
1009.58,,,,,16.47222222
1003.91,,,,,20.36666667
1002.97,,,,,19.54444444
1009.73,,,,,21.82777778
1006.35,,,,,26.03333333
1003.97,,,,,12.51111111
1002.38,,,,,26.28333333
1001.39,,,,,20.33333333
999.61,,,,,19.23888889
999.31,,,,,17.36666667
999.07,,,,,13.50555556
999.26,,,,,14.53333333
999.49,,,,,12.58333333
999.68,,,,,15.33888889
999.82,,,,,12.28333333
1000.27,,,,,11.38888889
1001.73,,,,,8.694444444
1005.51,,,,,12.43888889
1007.78,,,,,17.97777778
1027.6,,,,,10.26666667
1027.76,,,,,9.788888889
1029.27,,,,,6.916666667
1030.53,,,,,5.683333333
1030.44,,,,,15.03888889
1030.37,,,,,5.65
1029.72,,,,,4.677777778
1029.41,,,,,4.333333333
1024.76,,,,,11.72777778
1025.41,,,,,16.4
1027.42,,,,,9.116666667
1028.02,,,,,7.111111111
1027.86,,,,,9.733333333
1007.45,,,,,20.64444444
1025.16,,,,,22.32777778
1006.94,,,,,21.49444444
1006.68,,,,,16.37222222
1006.08,,,,,7.011111111
1005.81,,,,,8.783333333
1006.57,,,,,21.41111111
1005.46,,,,,21.27222222
1005.44,,,,,15.42777778
1004.97,,,,,9.544444444
1005.21,,,,,10.39444444
1005.76,,,,,16.28888889
1005.93,,,,,19.11666667
1006.64,,,,,3.494444444
1006.82,,,,,17.4
1005.87,,,,,8.927777778
1005.94,,,,,10.55
1005.98,,,,,8.994444444
1005.55,,,,,8.461111111
1004.44,,,,,8.561111111
1004.55,,,,,5.777777778
1005.73,,,,,4.155555556
1006.77,,,,,12.96666667
1006.92,,,,,12.88333333
1032.56,,,,,6.3
1031.63,,,,,4.105555556
1028.32,,,,,3.688888889
1025.61,,,,,3.805555556
1025.8,,,,,3.505555556
1026.94,,,,,5.938888889
1027.3,,,,,10.71666667
1027.57,,,,,21.23333333
1027.45,,,,,8.611111111
1025.74,,,,,7.455555556
1025.06,,,,,16.87222222
1026.25,,,,,5.555555556
1028.4,,,,,14.59444444
1030.36,,,,,16.75555556
1032.27,,,,,16.82222222
1033.59,,,,,15.66111111
1033.27,,,,,3.005555556
1032.39,,,,,5.705555556
1032.71,,,,,0.711111111
1032.8,,,,,1.4
1032.59,,,,,4.8
1032.46,,,,,20.12222222
1028.98,,,,,21.24444444
1026.78,,,,,6.961111111
1025.88,,,,,22.36111111
1000.76,,,,,12.65555556
999.56,,,,,13.63333333
1005.82,,,,,12.97777778
1006.23,,,,,16.58888889
1018.58,,,,,11.63888889
1022.11,,,,,10.86111111
1005.07,,,,,12.47777778
1000.12,,,,,7.761111111
999.4,,,,,14.34444444
1003.06,,,,,11.28888889
998.58,,,,,9.488888889
996.72,,,,,6.822222222
994.82,,,,,21.18888889
994.25,,,,,11.81666667
993.82,,,,,9.566666667
994.84,,,,,8.055555556
994.62,,,,,22.12222222
995.31,,,,,23.55555556
996.02,,,,,23.51111111
996.23,,,,,21.40555556
996.41,,,,,19.27777778
996.7,,,,,14.28888889
997.06,,,,,12.50555556
997.42,,,,,11.31111111
997.48,,,,,16.91666667
1001.25,,,,,21.38333333
1002.24,,,,,14.43888889
1002.79,,,,,1.922222222
1019.92,,,,,2.088888889
1028.28,,,,,5.872222222
1024,,,,,15.96666667
1024.26,,,,,16.35555556
1023.27,,,,,11.4
1006.25,,,,,6.383333333
1013.94,,,,,18.11666667
1006.93,,,,,8.616666667
1005.91,,,,,5.616666667
1007.05,,,,,3.6
1007.08,,,,,10.16666667
1006.45,,,,,12.34444444
1004.79,,,,,2.677777778
1004.98,,,,,4.533333333
1004.78,,,,,9.866666667
1002.09,,,,,12.92222222
1004.77,,,,,12.31111111
1008.08,,,,,5.238888889
1007.54,,,,,4.872222222
1005.22,,,,,5.5
1004.86,,,,,4.527777778
1003.23,,,,,4.566666667
1001.96,,,,,6.027777778
1001.65,,,,,15.15555556
1002.78,,,,,3.022222222
1003.27,,,,,4.211111111
1003.76,,,,,9.383333333
1003.59,,,,,5.316666667
1006.51,,,,,8.227777778
1007.47,,,,,8.483333333
1010.54,,,,,8.188888889
1005.18,,,,,4.55
1006.17,,,,,4.172222222
1004.92,,,,,4.338888889
1003.69,,,,,1.994444444
1003.25,,,,,14.21111111
1002.42,,,,,9.966666667
1002.21,,,,,23.57777778
1002.31,,,,,24.77222222
1001.74,,,,,27.13888889
1001.42,,,,,28.77777778
1003.84,,,,,29.79444444
1003.71,,,,,28.67777778
1005.72,,,,,20.37777778
1006.48,,,,,19.21666667
1012.94,,,,,18.19444444
1006.67,,,,,23.82777778
1029.4,,,,,26.68333333
1030.17,,,,,26.11666667
1031.84,,,,,25.11666667
1032.01,,,,,15.86666667
1031.81,,,,,20.91111111
1030.49,,,,,23.78333333
1030.34,,,,,23.51666667
1032.09,,,,,18.47777778
1031.37,,,,,27.61666667
1030.77,,,,,27.61111111
1028.06,,,,,23.06666667
1027.99,,,,,19.52222222
1026.79,,,,,15.92222222
1026.37,,,,,27.05555556
1025.03,,,,,29.92777778
1025.5,,,,,21.62777778
1003.92,,,,,18.42222222
1002.05,,,,,22.48888889
991.67,,,,,29.77222222
999.25,,,,,31.08888889
999.05,,,,,31.05555556
998.45,,,,,32.66111111
998.17,,,,,32.15555556
996.75,,,,,20.73333333
996.21,,,,,19.55
994.06,,,,,22.70555556
993.36,,,,,26.25555556
992.5,,,,,32.71111111
992.03,,,,,33.62777778
991.96,,,,,33.74444444
992,,,,,22.88333333
991.97,,,,,21.50555556
992.37,,,,,28.63888889
992.18,,,,,29.62222222
992.24,,,,,31.97222222
991.51,,,,,33.56666667
1003.79,,,,,33.70555556
1004.36,,,,,34.21666667
1003.63,,,,,32.56666667
1004.37,,,,,24.88888889
1004.67,,,,,23.12777778
1007.48,,,,,18.45555556
991.06,,,,,18.36666667
992.78,,,,,23.67222222
989.82,,,,,26.18333333
988.83,,,,,28.84444444
988.12,,,,,28.75555556
987.74,,,,,22.42777778
987.17,,,,,21.97777778
987.4,,,,,20.68888889
987.08,,,,,19.75
987.18,,,,,24.91666667
987.59,,,,,29.71666667
987.82,,,,,29.85555556
989.22,,,,,26.93333333
989.21,,,,,25.30555556
989.98,,,,,24.34444444
990.77,,,,,13.11111111
991.37,,,,,12.48333333
991.6,,,,,15.77777778
992.29,,,,,18.52222222
992.66,,,,,24.21666667
992.8,,,,,26.98888889
992.95,,,,,27.37222222
993.13,,,,,30.67222222
992.76,,,,,31.72222222
993.53,,,,,22.55
993.73,,,,,20.23888889
993.95,,,,,18.63888889
994.65,,,,,29.51666667
995.53,,,,,30.76111111
995.76,,,,,31.61666667
997.64,,,,,30.81666667
998.51,,,,,30.87777778
999.43,,,,,25.87777778
999.66,,,,,21.83333333
1000.99,,,,,20.68333333
1001.49,,,,,22.53888889
1003.07,,,,,32.61666667
1003.53,,,,,33.71111111
1002.94,,,,,34.40555556
1000.98,,,,,33.77222222
999.78,,,,,33.47777778
998.71,,,,,27.67222222
997.57,,,,,21.41666667
996.08,,,,,24.72222222
995.56,,,,,27.74444444
994.69,,,,,34.84444444
994.56,,,,,35.97777778
993.86,,,,,36.96111111
993.2,,,,,37.12777778
992.89,,,,,37.12222222
993.23,,,,,36.97222222
992.56,,,,,37.07222222
991.99,,,,,33.81111111
993.65,,,,,30.96111111
995.08,,,,,30.88333333
996.28,,,,,26.41666667
997.75,,,,,23.56666667
1000.68,,,,,23.57222222
1001.23,,,,,28.59444444
1003.11,,,,,30.79444444
1003.42,,,,,32.02222222
1004.74,,,,,34.68333333
1011.05,,,,,35.83888889
1026.1,,,,,36.65
1027.2,,,,,37.04444444
1023.17,,,,,36.79444444
1008.68,,,,,35.78888889
1006.62,,,,,32.59444444
1006.55,,,,,28.70555556
1005.01,,,,,27.52777778
1005.54,,,,,26.29444444
1005.12,,,,,25.32777778
1003.73,,,,,27.01666667
1002.83,,,,,31.82777778
1001.92,,,,,32.64444444
1000.62,,,,,33.64444444
996.78,,,,,33.75
999.87,,,,,33.54444444
1000.11,,,,,32.01666667
1000.47,,,,,29.81666667
999.41,,,,,26.46111111
999.89,,,,,25.17222222
999.59,,,,,21.57777778
998.59,,,,,27.64444444
997.78,,,,,29.03888889
997.24,,,,,30.81111111
996.79,,,,,25.14444444
995.26,,,,,21.47777778
995.15,,,,,20.38333333
995.61,,,,,18.66111111
995.36,,,,,20.62222222
995.73,,,,,21.35555556
995.12,,,,,23.54444444
995.3,,,,,24.18333333
995.35,,,,,24.72777778
995.54,,,,,25.16666667
1004.56,,,,,21.93333333
997.31,,,,,26.09444444
997.73,,,,,25.96666667
998.55,,,,,27.47222222
999.58,,,,,26.88333333
1000.75,,,,,21.84444444
1001.66,,,,,19.40555556
1002.44,,,,,18.15
1002.26,,,,,15.43888889
1002.14,,,,,19.94444444
1003.39,,,,,29.98333333
1005.75,,,,,29.83333333
1028.95,,,,,27.43333333
1006.91,,,,,19.83888889
1006.96,,,,,16.7
1006.66,,,,,17.13333333
1004.49,,,,,22.23333333
1002.52,,,,,18.18333333
1001.91,,,,,17.62777778
1001.06,,,,,20.82777778
1002.65,,,,,19.45555556
1009.84,,,,,17.72777778
1005.96,,,,,16.52222222
1003.44,,,,,17.71666667
1003.98,,,,,24.91111111
1003.65,,,,,26.88888889
1002.01,,,,,23.39444444
1002.22,,,,,25.10555556
1002.13,,,,,25.58333333
1003.45,,,,,21.46666667
1026.87,,,,,19.82777778
1029.71,,,,,15.73333333
1027.94,,,,,30.72777778
1028.04,,,,,30.82777778
1027.18,,,,,31.02777778
1027.16,,,,,19.47222222
1026.51,,,,,16.45
1026.16,,,,,32.13333333
1024.97,,,,,32.68888889
1024.69,,,,,24.26111111
1028.21,,,,,19.42777778
1027.46,,,,,19.61111111
1027.47,,,,,18.27222222
1026.08,,,,,22.21111111
1006.12,,,,,29.68333333
1006.04,,,,,31.13888889
1027.27,,,,,30.01111111
1024.3,,,,,30.98888889
1027.29,,,,,27.81666667
1028.71,,,,,23.15555556
1029.38,,,,,0.866666667
1024.49,,,,,-1.477777778
1023.06,,,,,-0.411111111
1028.19,,,,,2.455555556
1028.08,,,,,4.144444444
1028.09,,,,,4.488888889
1019.06,,,,,6.011111111
1027.88,,,,,5.583333333
1026.81,,,,,5.483333333
1025.86,,,,,4.472222222
1003.03,,,,,4.916666667
1003.37,,,,,3.327777778
1002.82,,,,,3.305555556
1003.29,,,,,3.738888889
1003.66,,,,,2.1
1003.14,,,,,-1.888888889
1002.89,,,,,-4.427777778
1003.52,,,,,-2.25
1003.78,,,,,-3.905555556
1004.46,,,,,-5.388888889
1003.61,,,,,-4.494444444
1003.83,,,,,-4.538888889
1003.72,,,,,-4.561111111
1003.62,,,,,-4.005555556
1004.63,,,,,-3.7
1005.31,,,,,-1.983333333
1008.61,,,,,-2.611111111
1009.15,,,,,-3.633333333
1004.41,,,,,-4.533333333
1003.09,,,,,-4.772222222
1003.17,,,,,-7.133333333
1002.57,,,,,-5.783333333
1003.35,,,,,-1.894444444
1003.08,,,,,-1.15
1008.24,,,,,-1.972222222
1003.99,,,,,-2.55
1007.11,,,,,-7.516666667
1001.44,,,,,-3.983333333
1000.53,,,,,-1.316666667
998.87,,,,,-3.572222222
999.86,,,,,
1001.33,,,,,
1001.69,,,,,
1002.56,,,,,
1002.92,,,,,
1002.55,,,,,
1003.01,,,,,
1003.31,,,,,
1003.28,,,,,
1001.79,,,,,
1002.74,,,,,
1002.91,,,,,
1004.58,,,,,
1005.06,,,,,
1004.17,,,,,
1002.61,,,,,
1004.28,,,,,
1004.01,,,,,
1002.95,,,,,
1002.77,,,,,
1002.17,,,,,
1001.36,,,,,
1001.32,,,,,
1000.67,,,,,
1000.21,,,,,
1000.08,,,,,
1005.29,,,,,
1005.13,,,,,
1003.24,,,,,
1003.19,,,,,
1002.96,,,,,
1001.83,,,,,
1001.22,,,,,
1000.45,,,,,
999.76,,,,,
1001.61,,,,,
1003.48,,,,,
1006.46,,,,,
1006.49,,,,,
1028.25,,,,,
1029.46,,,,,
1032.97,,,,,
1033.38,,,,,
1034.28,,,,,
1034.5,,,,,
1034.98,,,,,
1036.09,,,,,
1036.98,,,,,
1035.79,,,,,
1036.08,,,,,
1035.97,,,,,
1036.16,,,,,
1036.35,,,,,
1035.57,,,,,
1035.13,,,,,
1035.24,,,,,
1035.38,,,,,
1035.85,,,,,
1036.23,,,,,
1035.82,,,,,
1036.15,,,,,
1035.74,,,,,
1035.59,,,,,
1036.34,,,,,
1037.31,,,,,
1037.52,,,,,
1036.62,,,,,
1036.72,,,,,
1037.91,,,,,
1038.12,,,,,
1042.25,,,,,
1038.42,,,,,
1038.23,,,,,
1038.55,,,,,
1039.56,,,,,
1039.93,,,,,
1039.75,,,,,
1040.13,,,,,
1040.53,,,,,
1040.85,,,,,
1041.93,,,,,
1042.37,,,,,
1042.63,,,,,
1042.94,,,,,
1042.08,,,,,
1043.41,,,,,
1043.42,,,,,
1043.62,,,,,
1043.79,,,,,
1043.91,,,,,
1044.35,,,,,
1044.71,,,,,
1045.38,,,,,
1044.83,,,,,
1044.4,,,,,
1043.99,,,,,
1043.6,,,,,
1043.59,,,,,
1043.08,,,,,
1042.91,,,,,
1043.01,,,,,
1042.97,,,,,
1042.8,,,,,
1042.57,,,,,
1042.41,,,,,
1042.21,,,,,
1032.35,,,,,
1030.62,,,,,
1026.05,,,,,
1002.06,,,,,
1001.09,,,,,
1000.39,,,,,
998.77,,,,,
1001.59,,,,,
1005.86,,,,,
1035.81,,,,,
1035.5,,,,,
1036.75,,,,,
1036.97,,,,,
1037.87,,,,,
1038.74,,,,,
1038.08,,,,,
1038.65,,,,,
1037.6,,,,,
1038.77,,,,,
1038.8,,,,,
1038.89,,,,,
1039.14,,,,,
1039.15,,,,,
1039.23,,,,,
1039.33,,,,,
1039.99,,,,,
1039.84,,,,,
1038.85,,,,,
1038.81,,,,,
1033.99,,,,,
1033.85,,,,,
1032.78,,,,,
1031.78,,,,,
1033,,,,,
1032.69,,,,,
1031.72,,,,,
1031.14,,,,,
1029.34,,,,,
1033.77,,,,,
1043.69,,,,,
1033.35,,,,,
1032.76,,,,,
1032.66,,,,,
1037.14,,,,,
1043.78,,,,,
1044.6,,,,,
1045.3,,,,,
1045.78,,,,,
1045.4,,,,,
1045.32,,,,,
1045.68,,,,,
1045.59,,,,,
1045.9,,,,,
1046.38,,,,,
1046.26,,,,,
1045.93,,,,,
1046.06,,,,,
1045.25,,,,,
1044.31,,,,,
1043.04,,,,,
1042.45,,,,,
1041.31,,,,,
1040.82,,,,,
1040.42,,,,,
1039.9,,,,,
1038.63,,,,,
1037.88,,,,,
1034.4,,,,,
1030.32,,,,,
1026.76,,,,,
1028.26,,,,,
1028.54,,,,,
1028.14,,,,,
1024.99,,,,,
1029.57,,,,,
1034.66,,,,,
1036.42,,,,,
1036.12,,,,,
1036.27,,,,,
1036.6,,,,,
1037.22,,,,,
1037.61,,,,,
1037.89,,,,,
1038.21,,,,,
1038.18,,,,,
1037.25,,,,,
1025.99,,,,,
1030.61,,,,,
1033.56,,,,,
1037.12,,,,,
1035.44,,,,,
1035.02,,,,,
1035.29,,,,,
1035.2,,,,,
1034.04,,,,,
1035.25,,,,,
1035.93,,,,,
1035.88,,,,,
1035.98,,,,,
1035.87,,,,,
1036.91,,,,,
1037.74,,,,,
1037.08,,,,,
1034.53,,,,,
1030.45,,,,,
1030.5,,,,,
1030.52,,,,,
1032.98,,,,,
1033.53,,,,,
1034.25,,,,,
1031.75,,,,,
1033.19,,,,,
1032.75,,,,,
1030.88,,,,,
1030.39,,,,,
1032.57,,,,,
1033.9,,,,,
1028.87,,,,,
1029.93,,,,,
1007.14,,,,,
1005.43,,,,,
1006.39,,,,,
1000.06,,,,,
998.63,,,,,
996.44,,,,,
995.9,,,,,
997.25,,,,,
999.51,,,,,
1001.14,,,,,
1003.15,,,,,
1004.48,,,,,
1003.77,,,,,
1003.32,,,,,
1003.21,,,,,
1002.02,,,,,
1001.76,,,,,
1001.77,,,,,
1002.47,,,,,
1006.22,,,,,
1005.99,,,,,
1003.46,,,,,
1004.73,,,,,
1005.25,,,,,
1004.33,,,,,
1004.03,,,,,
1001.72,,,,,
1001.46,,,,,
1002.49,,,,,
1001.01,,,,,
1001.64,,,,,
1002.28,,,,,
1001.87,,,,,
998.47,,,,,
997.03,,,,,
996.11,,,,,
995.27,,,,,
994.44,,,,,
993.66,,,,,
993.19,,,,,
993.17,,,,,
992.35,,,,,
992.15,,,,,
995.13,,,,,
991.45,,,,,
991.26,,,,,
991.34,,,,,
991.04,,,,,
990.36,,,,,
990.05,,,,,
989.27,,,,,
988.61,,,,,
988.35,,,,,
988.22,,,,,
987.58,,,,,
987.38,,,,,
990.35,,,,,
990.93,,,,,
991.65,,,,,
992.09,,,,,
993.12,,,,,
994.24,,,,,
994.85,,,,,
995.17,,,,,
995.78,,,,,
996.12,,,,,
995.84,,,,,
989.08,,,,,
995.06,,,,,
994.39,,,,,
994.43,,,,,
995.39,,,,,
996.63,,,,,
996.68,,,,,
997.34,,,,,
998.34,,,,,
998.12,,,,,
997.22,,,,,
996.86,,,,,
995.83,,,,,
995.82,,,,,
995.24,,,,,
994.75,,,,,
993.81,,,,,
990.38,,,,,
988.82,,,,,
991.14,,,,,
986.55,,,,,
986.1,,,,,
986.97,,,,,
986.76,,,,,
988.94,,,,,
989.42,,,,,
992.38,,,,,
992.88,,,,,
992.28,,,,,
991.18,,,,,
992.22,,,,,
991.77,,,,,
992.96,,,,,
992.68,,,,,
992.02,,,,,
992.01,,,,,
992.39,,,,,
992.63,,,,,
993.3,,,,,
994.14,,,,,
994.86,,,,,
995.19,,,,,
995.25,,,,,
996.35,,,,,
996.55,,,,,
996.95,,,,,
998.13,,,,,
999.12,,,,,
1000.49,,,,,
1006.06,,,,,
1006.63,,,,,
1030.27,,,,,
1032.86,,,,,
1030.94,,,,,
1030.87,,,,,
1030.22,,,,,
1029.05,,,,,
1029.07,,,,,
1029.32,,,,,
1030.38,,,,,
1030.48,,,,,
1030.68,,,,,
994.99,,,,,
995.34,,,,,
994.18,,,,,
992.57,,,,,
991.62,,,,,
992.41,,,,,
992.85,,,,,
992.73,,,,,
992.72,,,,,
993.11,,,,,
993.03,,,,,
993.32,,,,,
993.45,,,,,
993.79,,,,,
994.31,,,,,
995.41,,,,,
995.02,,,,,
995.65,,,,,
996.64,,,,,
997.01,,,,,
996.98,,,,,
997.19,,,,,
997.83,,,,,
997.77,,,,,
999.73,,,,,
1002.75,,,,,
1004.45,,,,,
1001.55,,,,,
1001.93,,,,,
1001.02,,,,,
1000.41,,,,,
1030.41,,,,,
1031.1,,,,,
1030.98,,,,,
1032.63,,,,,
1032.12,,,,,
1033.1,,,,,
1032.79,,,,,
1033.23,,,,,
1034.17,,,,,
1034.06,,,,,
1029.62,,,,,
1030.69,,,,,
1031.92,,,,,
1002.63,,,,,
1002.19,,,,,
1001.57,,,,,
1002.45,,,,,
999.5,,,,,
999.14,,,,,
997.72,,,,,
998.35,,,,,
1003.26,,,,,
1000.4,,,,,
1000.58,,,,,
998.85,,,,,
997.54,,,,,
997.51,,,,,
997.43,,,,,
1006.74,,,,,
998.18,,,,,
996.2,,,,,
997.1,,,,,
997.12,,,,,
996.15,,,,,
1004.21,,,,,
1002.43,,,,,
999.62,,,,,
1001.52,,,,,
1002.72,,,,,
994.15,,,,,
998.53,,,,,
995.8,,,,,
995.22,,,,,
995,,,,,
994.4,,,,,
993.85,,,,,
993.5,,,,,
992.1,,,,,
991.5,,,,,
990.97,,,,,
990.7,,,,,
990.82,,,,,
991.2,,,,,
991.8,,,,,
992.2,,,,,
992.3,,,,,
993.22,,,,,
993.7,,,,,
994.5,,,,,
997.04,,,,,
1001.63,,,,,
1034.3,,,,,
1034.58,,,,,
1034.9,,,,,
1037.2,,,,,
1038.3,,,,,
1038.72,,,,,
1039.2,,,,,
1040,,,,,
1040.7,,,,,
1041,,,,,
1040.5,,,,,
1040.33,,,,,
1040.3,,,,,
1040.4,,,,,
1040.46,,,,,
1040.8,,,,,
1040.9,,,,,
1041.4,,,,,
1042.04,,,,,
1041.5,,,,,
1041.3,,,,,
1040.99,,,,,
1040.1,,,,,
1037.4,,,,,
1031.77,,,,,
991.44,,,,,
998.82,,,,,
998.3,,,,,
995.87,,,,,
994.6,,,,,
993.76,,,,,
992.7,,,,,
990.8,,,,,
990,,,,,
989.52,,,,,
988.8,,,,,
989.5,,,,,
995.11,,,,,
989.1,,,,,
989.2,,,,,
989.54,,,,,
989.4,,,,,
990.52,,,,,
990.6,,,,,
990.9,,,,,
991.91,,,,,
991.49,,,,,
991.1,,,,,
992.46,,,,,
993.1,,,,,
995.07,,,,,
995.7,,,,,
1000.59,,,,,
998.2,,,,,
999.18,,,,,
999.45,,,,,
1000.95,,,,,
1002.67,,,,,
1029.26,,,,,
1037,,,,,
1034.47,,,,,
1037.53,,,,,
1034.6,,,,,
1034.54,,,,,
997.95,,,,,
995.91,,,,,
996.1,,,,,
999.33,,,,,
1002.76,,,,,
995.23,,,,,
994,,,,,
991.71,,,,,
989.7,,,,,
988.74,,,,,
987,,,,,
986.3,,,,,
985.62,,,,,
984.9,,,,,
985.1,,,,,
985.57,,,,,
986,,,,,
986.6,,,,,
986.87,,,,,
986.9,,,,,
987.1,,,,,
987.8,,,,,
988.31,,,,,
988.7,,,,,
989.99,,,,,
992.17,,,,,
991.7,,,,,
991.52,,,,,
991.3,,,,,
992.82,,,,,
992.6,,,,,
992.4,,,,,
992.71,,,,,
991.69,,,,,
991.9,,,,,
992.62,,,,,
993,,,,,
993.99,,,,,
994.3,,,,,
994.9,,,,,
995.94,,,,,
998.41,,,,,
1000.05,,,,,
1029.8,,,,,
1030.4,,,,,
1029.94,,,,,
1003.43,,,,,
1003.41,,,,,
1001.26,,,,,
1002.07,,,,,
1002.73,,,,,
1002.41,,,,,
1004.57,,,,,
1029.54,,,,,
1001.04,,,,,
999.48,,,,,
1003.49,,,,,
1001.07,,,,,
999.39,,,,,
1000.52,,,,,
1001.24,,,,,
997.67,,,,,
1001.56,,,,,
999.03,,,,,
998.54,,,,,
998.04,,,,,
997.47,,,,,
997.38,,,,,
997.39,,,,,
997.58,,,,,
997.66,,,,,
997.68,,,,,
997.84,,,,,
995.66,,,,,
995.52,,,,,
995.48,,,,,
995.75,,,,,
996.04,,,,,
998.49,,,,,
999.42,,,,,
999.92,,,,,
1004.84,,,,,
1030.19,,,,,
1000.55,,,,,
999.83,,,,,
999.38,,,,,
998.46,,,,,
998.09,,,,,
997.98,,,,,
997.79,,,,,
998.31,,,,,
998.69,,,,,
999.08,,,,,
999.91,,,,,
1007.46,,,,,
1001.34,,,,,
994.59,,,,,
997.62,,,,,
996.62,,,,,
993.55,,,,,
992.75,,,,,
992.13,,,,,
991.93,,,,,
991.17,,,,,
991.83,,,,,
992.93,,,,,
993.61,,,,,
994.29,,,,,
994.8,,,,,
994.97,,,,,
993.92,,,,,
994.22,,,,,
994.61,,,,,
994.26,,,,,
996.22,,,,,
996.93,,,,,
999.34,,,,,
1000.71,,,,,
1001.19,,,,,
1002.25,,,,,
1003.05,,,,,
1001.08,,,,,
1001.35,,,,,
1001.03,,,,,
1000.92,,,,,
1000.22,,,,,
999.74,,,,,
998.91,,,,,
999.75,,,,,
993.74,,,,,
991.72,,,,,
990.1,,,,,
988.9,,,,,
989,,,,,
989.32,,,,,
991.12,,,,,
992.45,,,,,
993.42,,,,,
1030.59,,,,,
1030.66,,,,,
994.72,,,,,
995.05,,,,,
996.14,,,,,
996.94,,,,,
997.89,,,,,
999.23,,,,,
1001.53,,,,,
1002.23,,,,,
1031.01,,,,,
1034.64,,,,,
1033.16,,,,,
1034.55,,,,,
1036.71,,,,,
1035.68,,,,,
1035.99,,,,,
1036.44,,,,,
1036.55,,,,,
1036.74,,,,,
1036.77,,,,,
1034.88,,,,,
1036.56,,,,,
1035.27,,,,,
1033.98,,,,,
1034.87,,,,,
1035.11,,,,,
1002.71,,,,,
1000.37,,,,,
998.67,,,,,
997.99,,,,,
997.52,,,,,
995.88,,,,,
996.67,,,,,
995.99,,,,,
994.68,,,,,
994.64,,,,,
994.11,,,,,
993.98,,,,,
993.63,,,,,
992.59,,,,,
994.37,,,,,
994.58,,,,,
994.54,,,,,
994.79,,,,,
994.67,,,,,
995.33,,,,,
995.5,,,,,
995.93,,,,,
996.26,,,,,
996.48,,,,,
998.26,,,,,
999.93,,,,,
1001.38,,,,,
1000.56,,,,,
1000.57,,,,,
999.88,,,,,
1000.24,,,,,
1000.29,,,,,
1000.19,,,,,
999.13,,,,,
998.65,,,,,
998.37,,,,,
998.81,,,,,
999.69,,,,,
1001.28,,,,,
1002.84,,,,,
1002.66,,,,,
1030.76,,,,,
1029.64,,,,,
995.14,,,,,
1003.75,,,,,
1000.78,,,,,
999.37,,,,,
997.63,,,,,
996.06,,,,,
995.04,,,,,
994.03,,,,,
993.24,,,,,
991.41,,,,,
991.75,,,,,
992.64,,,,,
992.69,,,,,
992.77,,,,,
999.99,,,,,
1001.82,,,,,
1002.15,,,,,
1001.51,,,,,
1004.16,,,,,
992.92,,,,,
994.13,,,,,
994.41,,,,,
995.37,,,,,
995.86,,,,,
997.35,,,,,
999.02,,,,,
1001.11,,,,,
998.92,,,,,
999.11,,,,,
998.36,,,,,
994.35,,,,,
997.15,,,,,
995.89,,,,,
996.43,,,,,
998.94,,,,,
998.75,,,,,
998.78,,,,,
998.68,,,,,
997.91,,,,,
997.71,,,,,
997.76,,,,,
998.61,,,,,
1001.31,,,,,
998.43,,,,,
996.31,,,,,
995.71,,,,,
995.44,,,,,
996.49,,,,,
995.77,,,,,
994.28,,,,,
993.46,,,,,
993.39,,,,,
994.74,,,,,
996.85,,,,,
1001.97,,,,,
990.06,,,,,
999.63,,,,,
994.96,,,,,
992.81,,,,,
992.99,,,,,
992.12,,,,,
990.32,,,,,
988.62,,,,,
988.3,,,,,
987.78,,,,,
987.39,,,,,
987.06,,,,,
986.17,,,,,
986.19,,,,,
986.59,,,,,
986.29,,,,,
986.65,,,,,
989.59,,,,,
990.24,,,,,
990.12,,,,,
990.94,,,,,
991.01,,,,,
991.42,,,,,
990.96,,,,,
990.53,,,,,
989.9,,,,,
989.56,,,,,
989.35,,,,,
988.78,,,,,
987.84,,,,,
987.46,,,,,
987.54,,,,,
987.42,,,,,
988.5,,,,,
988.97,,,,,
1028.49,,,,,
1001.47,,,,,
1000.74,,,,,
998.03,,,,,
997.97,,,,,
997.88,,,,,
998.93,,,,,
999.15,,,,,
1002.18,,,,,
1031.55,,,,,
999.22,,,,,
996.18,,,,,
994.66,,,,,
993.51,,,,,
991.95,,,,,
989.16,,,,,
987.73,,,,,
986.44,,,,,
986.46,,,,,
988.53,,,,,
988.38,,,,,
989.8,,,,,
990.75,,,,,
992.42,,,,,
994.32,,,,,
995.18,,,,,
1035.72,,,,,
1036.21,,,,,
1036.4,,,,,
1040.14,,,,,
1039.66,,,,,
1039.95,,,,,
1040.75,,,,,
1040.67,,,,,
1040.55,,,,,
1040.94,,,,,
1041.09,,,,,
1039.41,,,,,
1038.28,,,,,
1037.59,,,,,
1036.88,,,,,
1036.53,,,,,
1034.69,,,,,
1030.58,,,,,
1002.58,,,,,
1029.63,,,,,
1030.63,,,,,
1030.73,,,,,
1002.98,,,,,
1001.75,,,,,
1002.34,,,,,
1000.02,,,,,
998.89,,,,,
1031.99,,,,,
1033.15,,,,,
1034.42,,,,,
1034.01,,,,,
1033.68,,,,,
1034.15,,,,,
1035.12,,,,,
1034.99,,,,,
1035.48,,,,,
1031.74,,,,,
1033.79,,,,,
1033.69,,,,,
1034.11,,,,,
1033.25,,,,,
1034.31,,,,,
1035.77,,,,,
1037.11,,,,,
1004.71,,,,,
1031.83,,,,,
1035.51,,,,,
1037.16,,,,,
1037.58,,,,,
1038.14,,,,,
1033.88,,,,,
1033.76,,,,,
1035.46,,,,,
1037.18,,,,,
1038.52,,,,,
1033.24,,,,,
1037.24,,,,,
1034.41,,,,,
1033.89,,,,,
1033.75,,,,,
1033.12,,,,,
1030.72,,,,,
1030.12,,,,,
1006.31,,,,,
996.45,,,,,
995.92,,,,,
994.83,,,,,
994.21,,,,,
993.94,,,,,
994.04,,,,,
994.63,,,,,
994.46,,,,,
994.94,,,,,
995.46,,,,,
995.85,,,,,
995.96,,,,,
996,,,,,
996.19,,,,,
996.58,,,,,
996.99,,,,,
999.54,,,,,
1002.59,,,,,
1004.27,,,,,
1002.08,,,,,
999.17,,,,,
998.48,,,,,
999.97,,,,,
998.83,,,,,
999.16,,,,,
998.57,,,,,
999.96,,,,,
1034.81,,,,,
1035.06,,,,,
1000.34,,,,,
1033.67,,,,,
1034,,,,,
1031.6,,,,,
1036,,,,,
1034.74,,,,,
1034.03,,,,,
992.74,,,,,
993.8,,,,,
995.29,,,,,
1034.32,,,,,
1000.85,,,,,
1034.76,,,,,
1000.77,,,,,
997.45,,,,,
1000.35,,,,,
1000.03,,,,,
999.01,,,,,
998.02,,,,,
997.11,,,,,
997.69,,,,,
996.89,,,,,
995.97,,,,,
994.98,,,,,
994.71,,,,,
993.35,,,,,
993.75,,,,,
994.38,,,,,
995.21,,,,,
995.63,,,,,
996.59,,,,,
997.41,,,,,
998.64,,,,,
1000.36,,,,,
999.28,,,,,
998.44,,,,,
999.65,,,,,
997.33,,,,,
995.58,,,,,
994.91,,,,,
993.93,,,,,
991.74,,,,,
991.31,,,,,
990.64,,,,,
990.79,,,,,
992.21,,,,,
991.33,,,,,
991.38,,,,,
993.96,,,,,
996.33,,,,,
998.62,,,,,
1002.64,,,,,
1001.78,,,,,
1002.11,,,,,
1040.11,,,,,
1040.64,,,,,
1041.73,,,,,
1041.57,,,,,
1041.36,,,,,
1040.48,,,,,
1033.44,,,,,
1034.29,,,,,
1035.09,,,,,
1034.48,,,,,
1039.04,,,,,
1038.62,,,,,
1038.41,,,,,
1039.13,,,,,
1039.72,,,,,
1039.61,,,,,
1039.8,,,,,
1039.6,,,,,
1039.68,,,,,
1039.59,,,,,
1035.58,,,,,
1034.79,,,,,
1034.59,,,,,
1035.03,,,,,
1038.47,,,,,
1035.16,,,,,
1033.97,,,,,
1036.87,,,,,
1036.32,,,,,
997.82,,,,,
996.77,,,,,
992.44,,,,,
994.81,,,,,
995.67,,,,,
996.03,,,,,
996.96,,,,,
999.95,,,,,
998.56,,,,,
996.76,,,,,
999.79,,,,,
999.29,,,,,
1000.18,,,,,
1001.18,,,,,
998.99,,,,,
1000.17,,,,,
999.19,,,,,
998.01,,,,,
997.37,,,,,
996.07,,,,,
995.69,,,,,
995.57,,,,,
995.32,,,,,
995.59,,,,,
995.43,,,,,
995.51,,,,,
1034.82,,,,,
1004.64,,,,,
1000.32,,,,,
999.47,,,,,
998.33,,,,,
998.42,,,,,
998.66,,,,,
997.74,,,,,
997.86,,,,,
997.87,,,,,
998.14,,,,,
998.28,,,,,
997.65,,,,,
997.61,,,,,
995.81,,,,,
994.93,,,,,
994.52,,,,,
993.84,,,,,
993.33,,,,,
992.25,,,,,
991.61,,,,,
991.08,,,,,
990.16,,,,,
990.2,,,,,
988.6,,,,,
988.39,,,,,
989.47,,,,,
989.72,,,,,
990.14,,,,,
990.74,,,,,
991.27,,,,,
991.22,,,,,
996.32,,,,,
997.44,,,,,
1000.64,,,,,
996.66,,,,,
994.92,,,,,
995.95,,,,,
994.95,,,,,
996.09,,,,,
1001.13,,,,,
996.17,,,,,
995.68,,,,,
994.87,,,,,
996.56,,,,,
1002.36,,,,,
1001.17,,,,,
1000.61,,,,,
1000.46,,,,,
1000.09,,,,,
998.05,,,,,
996.65,,,,,
995.72,,,,,
996.88,,,,,
997.32,,,,,
998.73,,,,,
998.79,,,,,
1030.46,,,,,
1038.43,,,,,
1002.39,,,,,
1002.16,,,,,
1001.68,,,,,
1001.58,,,,,
1036.07,,,,,
1035.55,,,,,
1034.96,,,,,
1034.36,,,,,
1033.63,,,,,
1034.43,,,,,
1034.56,,,,,
1034.02,,,,,
1034.13,,,,,
1036.03,,,,,
1037.37,,,,,
1037.39,,,,,
1039.53,,,,,
1038.83,,,,,
1034.94,,,,,
992.05,,,,,
990.92,,,,,
990.73,,,,,
990.49,,,,,
991.35,,,,,
991.29,,,,,
991.16,,,,,
991.54,,,,,
995.01,,,,,
1037.13,,,,,
1040.02,,,,,
1040.71,,,,,
1040.45,,,,,
1041.72,,,,,
1041.12,,,,,
1039.24,,,,,
994.88,,,,,
1000.84,,,,,
996.57,,,,,
994.27,,,,,
992.97,,,,,
990.17,,,,,
988.45,,,,,
987.41,,,,,
986.69,,,,,
985.4,,,,,
984.32,,,,,
983.66,,,,,
982.53,,,,,
980.67,,,,,
979.37,,,,,
977.27,,,,,
976.61,,,,,
976.62,,,,,
977.39,,,,,
976.38,,,,,
975.89,,,,,
974.52,,,,,
973.78,,,,,
975.12,,,,,
974.78,,,,,
975.31,,,,,
976.76,,,,,
977.24,,,,,
979.88,,,,,
981.31,,,,,
983.08,,,,,
984.38,,,,,
985.85,,,,,
986.74,,,,,
990.04,,,,,
990.08,,,,,
991.36,,,,,
991.78,,,,,
992.23,,,,,
992.67,,,,,
992.98,,,,,
1034.49,,,,,
1000.25,,,,,
1033.45,,,,,
1034.45,,,,,
1033.94,,,,,
1041.52,,,,,
1042.09,,,,,
1042.3,,,,,
1042.38,,,,,
1040.61,,,,,
1039.21,,,,,
1039.31,,,,,
1039.42,,,,,
1038.32,,,,,
1037.97,,,,,
993.15,,,,,
994.33,,,,,
995.47,,,,,
996.05,,,,,
994.77,,,,,
994.55,,,,,
993.56,,,,,
997.09,,,,,
998.25,,,,,
1000.97,,,,,
1030.56,,,,,
1039.81,,,,,
1040.31,,,,,
1040.91,,,,,
998.27,,,,,
996.83,,,,,
992.08,,,,,
990.95,,,,,
989.68,,,,,
990.45,,,,,
993.07,,,,,
997.36,,,,,
993.49,,,,,
993.14,,,,,
994.51,,,,,
996.84,,,,,
997.81,,,,,
995.49,,,,,
994.19,,,,,
993.31,,,,,
996.91,,,,,
1037.19,,,,,
1035.47,,,,,
1036.05,,,,,
1034.51,,,,,
997.29,,,,,
997.27,,,,,
996.16,,,,,
996.36,,,,,
996.25,,,,,
996.46,,,,,
998.11,,,,,
998.52,,,,,
997.59,,,,,
